lambda_vector;mu_a_Oxy;mu_a_Deoxy;mu_a_Fat;mu_a_Water;mu_a_Mel;mu_a_Baseline;mu_a_StratumCorneum;mu_a_Epidermis;mu_a_PapiDermis;mu_a_UpBloodDermis;mu_a_RetiDermis;mu_a_DeepBloodDermis;mu_a_FatDermis
400;0.14376528;1.44E-05;0.00085;4.97E-08;0.142785519;0.000231942;0.000115996;0.003036635;0.004994824;0.024486947;0.004948445;0.012266688;0.006832637
401;0.14862312;1.49E-05;0.000849241;4.90E-08;0.141603235;0.00022883;0.00011444;0.003010562;0.005158562;0.025312172;0.005112805;0.012678988;0.007038454
402;0.15348096;1.53E-05;0.000848483;4.83E-08;0.140433648;0.000225765;0.000112907;0.00298478;0.005322321;0.026137406;0.005277178;0.013091299;0.007244271
403;0.1600938;1.60E-05;0.000847724;4.76E-08;0.139276592;0.000222746;0.000111397;0.002959284;0.005545772;0.027261004;0.005501233;0.013652796;0.007524677
404;0.16670664;1.67E-05;0.000846966;4.69E-08;0.138131901;0.000219773;0.00010991;0.00293407;0.005769245;0.028384612;0.0057253;0.014214302;0.007805083
405;0.17898948;1.79E-05;0.000846207;4.62E-08;0.136999414;0.000216844;0.000108445;0.002909136;0.006185521;0.030472145;0.006142161;0.015257775;0.008326468
406;0.19127232;1.91E-05;0.000845448;4.57E-08;0.135878969;0.000213959;0.000107002;0.002884476;0.006601817;0.032559687;0.006559035;0.016301258;0.008847853
407;0.20966256;2.10E-05;0.00084469;4.52E-08;0.134770411;0.000211117;0.000105581;0.002860088;0.007225789;0.035685515;0.007183575;0.017863887;0.009628807
408;0.2280528;2.28E-05;0.000843931;4.46E-08;0.133673584;0.000208317;0.000104181;0.002835968;0.00784978;0.03881135;0.007808126;0.019426525;0.010409761
409;0.2400732;2.40E-05;0.000843172;4.41E-08;0.132588336;0.00020556;0.000102802;0.002812112;0.008257213;0.040854303;0.008216109;0.020447725;0.010919992
410;0.2520936;2.52E-05;0.000842414;4.36E-08;0.131514517;0.000202844;0.000101444;0.002788517;0.008664664;0.042897263;0.008624104;0.021468933;0.011430223
411;0.2611008;2.61E-05;0.000841655;4.30E-08;0.130451978;0.000200169;0.000100106;0.00276518;0.008969683;0.044427979;0.008929658;0.022234023;0.011812391
412;0.270108;2.70E-05;0.000840897;4.24E-08;0.129400575;0.000197534;9.88E-05;0.002742096;0.009274721;0.045958702;0.009235222;0.022999122;0.012194559
413;0.2766096;2.77E-05;0.000840138;4.18E-08;0.128360164;0.000194938;9.75E-05;0.002719263;0.009494585;0.047063474;0.009455605;0.023551248;0.012470237
414;0.2831112;2.83E-05;0.000839379;4.11E-08;0.127330604;0.000192381;9.62E-05;0.002696678;0.009714467;0.048168254;0.009675999;0.024103382;0.012745915
415;0.2824632;2.82E-05;0.000838621;4.05E-08;0.126311756;0.000189863;9.50E-05;0.002674336;0.009691275;0.048057588;0.009653311;0.024047797;0.012717729
416;0.2818152;2.82E-05;0.000837862;4.00E-08;0.125303483;0.000187382;9.37E-05;0.002652236;0.009668102;0.04794693;0.009630633;0.023992219;0.012689544
417;0.280098;2.80E-05;0.000837103;3.94E-08;0.124305651;0.000184939;9.25E-05;0.002630373;0.009608592;0.047654512;0.009571612;0.023845765;0.012615917
418;0.2783808;2.78E-05;0.000836345;3.88E-08;0.123318126;0.000182532;9.13E-05;0.002608745;0.009549098;0.047362101;0.0095126;0.023699319;0.01254229
419;0.2688876;2.69E-05;0.000835586;3.82E-08;0.122340778;0.000180161;9.01E-05;0.002587349;0.009225233;0.045747754;0.009189208;0.022891908;0.012138177
420;0.2593944;2.59E-05;0.000834828;3.77E-08;0.121373478;0.000177826;8.89E-05;0.002566181;0.008901384;0.044133414;0.008865826;0.022084505;0.011734064
421;0.2463048;2.46E-05;0.000834069;3.70E-08;0.1204161;0.000175526;8.78E-05;0.002545239;0.008455271;0.041907682;0.008420174;0.020971409;0.011177101
422;0.2332152;2.33E-05;0.00083331;3.64E-08;0.119468517;0.00017326;8.66E-05;0.00252452;0.008009175;0.039681958;0.00797453;0.019858319;0.010620138
423;0.21819132;2.18E-05;0.000832552;3.58E-08;0.118530608;0.000171028;8.55E-05;0.002504021;0.007497327;0.037127406;0.007463128;0.01858082;0.009980967
424;0.20316744;2.03E-05;0.000831793;3.52E-08;0.117602251;0.00016883;8.44E-05;0.002483739;0.006985494;0.034572861;0.006951735;0.017303328;0.009341796
425;0.18961236;1.90E-05;0.000831034;3.46E-08;0.116683326;0.000166665;8.33E-05;0.002463672;0.006523617;0.032268024;0.006490291;0.016150692;0.00876505
426;0.17605728;1.76E-05;0.000830276;3.39E-08;0.115773715;0.000164532;8.23E-05;0.002443816;0.006061755;0.029963192;0.006028855;0.014998063;0.008188304
427;0.16446888;1.64E-05;0.000829517;3.32E-08;0.114873304;0.000162431;8.12E-05;0.002424169;0.005666775;0.027992709;0.005634296;0.014012611;0.007695144
428;0.15288048;1.53E-05;0.000828759;3.25E-08;0.113981977;0.000160362;8.02E-05;0.002404728;0.005271811;0.026022232;0.005239745;0.013027165;0.007201983
429;0.14287968;1.43E-05;0.000828;3.18E-08;0.113099622;0.000158323;7.92E-05;0.002385491;0.004930839;0.024321658;0.004899181;0.012176674;0.006776297
430;0.13287888;1.33E-05;0.0008216;3.14E-08;0.112226128;0.000156315;7.82E-05;0.002366455;0.004589882;0.02262109;0.004558626;0.011326189;0.006345815
431;0.12425184;1.24E-05;0.0008158;3.10E-08;0.111361386;0.000154338;7.72E-05;0.002347617;0.004295648;0.021154072;0.004264787;0.010592482;0.005974229
432;0.1156248;1.16E-05;0.0008069;3.06E-08;0.110505287;0.00015239;7.62E-05;0.002328976;0.004001427;0.019687059;0.003970955;0.009858781;0.005600009
433;0.10245204;1.02E-05;0.0007927;3.02E-08;0.109657727;0.000150471;7.53E-05;0.002310528;0.003552662;0.017447266;0.003522574;0.008738692;0.005028087
434;0.08927928;8.93E-06;0.0007832;2.98E-08;0.108818601;0.000148581;7.43E-05;0.002292271;0.003103911;0.015207479;0.003074201;0.00761861;0.004460159
435;0.08050104;8.05E-06;0.0007721;2.94E-08;0.107987804;0.000146719;7.34E-05;0.002274203;0.002804589;0.01371478;0.002775251;0.006872074;0.004077643
436;0.0717228;7.17E-06;0.0007652;2.89E-08;0.107165236;0.000144885;7.25E-05;0.002256321;0.00250528;0.012222086;0.002476309;0.006125543;0.003698696
437;0.0680292;6.80E-06;0.0007623;2.84E-08;0.106350797;0.000143079;7.16E-05;0.002238623;0.002378864;0.011593801;0.002350254;0.00581122;0.00353925
438;0.0643356;6.43E-06;0.000756;2.79E-08;0.105544388;0.000141299;7.07E-05;0.002221107;0.002252461;0.010965522;0.002224206;0.005496902;0.003376914
439;0.0598644;5.99E-06;0.0007474;2.74E-08;0.104745912;0.000139547;6.98E-05;0.00220377;0.002099631;0.010205053;0.002071727;0.005116492;0.003179575
440;0.0553932;5.54E-06;0.0007383;2.69E-08;0.103955273;0.000137821;6.89E-05;0.002186611;0.001946813;0.00944459;0.001919254;0.004736088;0.00298181
441;0.0527472;5.27E-06;0.0007244;2.64E-08;0.103172376;0.00013612;6.81E-05;0.002169627;0.001856065;0.008994422;0.001828846;0.004510834;0.002857538
442;0.0501012;5.01E-06;0.0007104;2.59E-08;0.102397129;0.000134445;6.72E-05;0.002152815;0.001765329;0.008544259;0.001738445;0.004285584;0.002733181
443;0.04704048;4.70E-06;0.0007;2.55E-08;0.101629439;0.000132795;6.64E-05;0.002136174;0.001660503;0.008023597;0.001633949;0.004025088;0.002594258
444;0.04397976;4.40E-06;0.0006899;2.50E-08;0.100869216;0.00013117;6.56E-05;0.002119702;0.001555689;0.00750294;0.00152946;0.003764597;0.00245559
445;0.04259736;4.26E-06;0.0006811;2.45E-08;0.100116371;0.00012957;6.48E-05;0.002103397;0.00150795;0.007267608;0.001482041;0.003646771;0.002389357
446;0.04121496;4.12E-06;0.0006729;2.42E-08;0.099370816;0.000127993;6.40E-05;0.002087256;0.001460222;0.00703228;0.001434628;0.003528949;0.002323634
447;0.03870936;3.87E-06;0.0006659;2.38E-08;0.098632464;0.00012644;6.32E-05;0.002071277;0.001374316;0.00660601;0.001349032;0.003315658;0.002211194
448;0.03620376;3.62E-06;0.0006571;2.34E-08;0.09790123;0.00012491;6.25E-05;0.002055459;0.00128842;0.006179744;0.001263443;0.003102372;0.002097224
449;0.0350622;3.51E-06;0.0006464;2.30E-08;0.09717703;0.000123403;6.17E-05;0.0020398;0.001248913;0.005985374;0.001224237;0.003005036;0.002039612
450;0.03392064;3.39E-06;0.0006375;2.26E-08;0.096459779;0.000121919;6.10E-05;0.002024297;0.001209416;0.005791008;0.001185037;0.002907705;0.00198353
451;0.0328536;3.29E-06;0.0006291;2.24E-08;0.095749398;0.000120457;6.02E-05;0.002008949;0.001172463;0.005609315;0.001148377;0.002816712;0.00193104
452;0.03178656;3.18E-06;0.000621;2.22E-08;0.095045804;0.000119017;5.95E-05;0.001993754;0.001135521;0.005427627;0.001111722;0.002725724;0.001878805
453;0.03035232;3.04E-06;0.0006135;2.20E-08;0.094348918;0.000117598;5.88E-05;0.001978709;0.001086103;0.005183518;0.001062588;0.002603528;0.001811474
454;0.02891808;2.89E-06;0.0006049;2.17E-08;0.093658661;0.000116201;5.81E-05;0.001963814;0.001036695;0.004939414;0.00101346;0.002481336;0.001743207
455;0.02782296;2.78E-06;0.000595;2.15E-08;0.092974957;0.000114825;5.74E-05;0.001949067;0.000998827;0.004752965;0.000975867;0.002387973;0.001688249
456;0.02672784;2.67E-06;0.0005837;2.14E-08;0.092297728;0.000113469;5.67E-05;0.001934465;0.000960969;0.00456652;0.000938279;0.002294615;0.0016321
457;0.02618784;2.62E-06;0.0005751;2.12E-08;0.091626899;0.000112134;5.61E-05;0.001920006;0.000941994;0.004474451;0.000919572;0.002248447;0.00160184
458;0.02564784;2.56E-06;0.0005663;2.11E-08;0.090962397;0.000110818;5.54E-05;0.00190569;0.000923029;0.004382386;0.000900869;0.002202283;0.00157141
459;0.02483352;2.48E-06;0.0005593;2.09E-08;0.090304147;0.000109523;5.48E-05;0.001891515;0.000894745;0.00424369;0.000872845;0.002132806;0.00153085
460;0.0240192;2.40E-06;0.0005523;2.07E-08;0.089652077;0.000108247;5.41E-05;0.001877478;0.000866471;0.004104998;0.000844826;0.002063332;0.001490291
461;0.023166;2.32E-06;0.0005413;2.07E-08;0.089006117;0.000106989;5.35E-05;0.001863578;0.000836883;0.0039597;0.00081549;0.001990557;0.001444679
462;0.0223128;2.23E-06;0.0005288;2.06E-08;0.088366195;0.000105751;5.29E-05;0.001849814;0.000807304;0.003814406;0.000786158;0.001917786;0.001397793
463;0.021904344;2.19E-06;0.0005144;2.05E-08;0.087732244;0.000104532;5.23E-05;0.001836184;0.000792856;0.003744723;0.000771953;0.001882823;0.001368193
464;0.021495888;2.15E-06;0.0004985;2.04E-08;0.087104193;0.00010333;5.17E-05;0.001822686;0.000778415;0.003675044;0.000757753;0.001847863;0.001337318
465;0.020757708;2.08E-06;0.0004846;2.03E-08;0.086481976;0.000102147;5.11E-05;0.001809318;0.000752772;0.003549314;0.000732347;0.00178488;0.00129413
466;0.020019528;2.00E-06;0.000472;2.01E-08;0.085865526;0.000100981;5.05E-05;0.00179608;0.000727137;0.003423588;0.000706945;0.0017219;0.001252047
467;0.01942488;1.94E-06;0.0004594;2.00E-08;0.085254777;9.98E-05;4.99E-05;0.001782969;0.000706391;0.003322267;0.000686428;0.001671125;0.001216064
468;0.018830232;1.88E-06;0.0004513;1.98E-08;0.084649665;9.87E-05;4.94E-05;0.001769985;0.000685652;0.003220948;0.000665916;0.001620352;0.001183906
469;0.0183816;1.84E-06;0.0004434;1.97E-08;0.084050126;9.76E-05;4.88E-05;0.001757125;0.000669886;0.003144457;0.000650372;0.001581995;0.001158124
470;0.017932968;1.79E-06;0.0004327;1.95E-08;0.083456097;9.65E-05;4.83E-05;0.001744389;0.000654127;0.003067968;0.000634833;0.001543641;0.001129962
471;0.017503884;1.75E-06;0.0004208;1.93E-08;0.082867515;9.54E-05;4.77E-05;0.001731774;0.000639041;0.002994806;0.000619963;0.001506952;0.00110161
472;0.0170748;1.71E-06;0.0004084;1.91E-08;0.082284319;9.43E-05;4.72E-05;0.00171928;0.000623962;0.002921648;0.000605097;0.001470266;0.001072834
473;0.016668072;1.67E-06;0.0003961;1.89E-08;0.081706449;9.33E-05;4.67E-05;0.001706904;0.000609651;0.002852293;0.000590995;0.001435484;0.001045092
474;0.016261344;1.63E-06;0.0003843;1.87E-08;0.081133845;9.23E-05;4.61E-05;0.001694647;0.000595346;0.002782941;0.000576897;0.001400705;0.001017776
475;0.015920388;1.59E-06;0.0003732;1.85E-08;0.080566448;9.12E-05;4.56E-05;0.001682505;0.000583285;0.002724774;0.00056504;0.001371519;0.00099385
476;0.015579432;1.56E-06;0.0003635;1.85E-08;0.080004199;9.02E-05;4.51E-05;0.001670478;0.000571232;0.00266661;0.000553187;0.001342337;0.000971114
477;0.015273576;1.53E-06;0.0003534;1.86E-08;0.079447042;8.93E-05;4.46E-05;0.001658565;0.000560378;0.002614416;0.000542531;0.001316141;0.00094953
478;0.01496772;1.50E-06;0.0003452;1.86E-08;0.07889492;8.83E-05;4.42E-05;0.001646764;0.000549532;0.002562225;0.000531879;0.001289949;0.000929561
479;0.014673744;1.47E-06;0.0003386;1.86E-08;0.078347777;8.73E-05;4.37E-05;0.001635074;0.000539096;0.002512057;0.000521634;0.001264769;0.000911457
480;0.014379768;1.44E-06;0.0003315;1.86E-08;0.077805557;8.64E-05;4.32E-05;0.001623494;0.000528667;0.002461892;0.000511394;0.001239592;0.000892928
481;0.014129316;1.41E-06;0.0003261;1.86E-08;0.077268206;8.55E-05;4.27E-05;0.001612022;0.000519724;0.002419128;0.000502636;0.001218117;0.000877693
482;0.013878864;1.39E-06;0.0003192;1.86E-08;0.076735672;8.45E-05;4.23E-05;0.001600658;0.000510787;0.002376367;0.000493883;0.001196645;0.000861184
483;0.01373814;1.37E-06;0.0003109;1.86E-08;0.076207899;8.36E-05;4.18E-05;0.001589399;0.000505588;0.002352264;0.000488864;0.001184503;0.000848148
484;0.013597416;1.36E-06;0.0003013;1.85E-08;0.075684837;8.27E-05;4.14E-05;0.001578245;0.000500394;0.002328163;0.000483848;0.001172364;0.000834007
485;0.0134595;1.35E-06;0.0002919;1.85E-08;0.075166434;8.19E-05;4.09E-05;0.001567195;0.000495303;0.002304541;0.000478931;0.001160466;0.000820156
486;0.013321584;1.33E-06;0.0002832;1.86E-08;0.074652638;8.10E-05;4.05E-05;0.001556247;0.000490217;0.002280923;0.000474018;0.00114857;0.000806899
487;0.013187988;1.32E-06;0.000275;1.87E-08;0.074143399;8.02E-05;4.01E-05;0.0015454;0.000485284;0.002258042;0.000469255;0.001137045;0.000794251
488;0.013054392;1.31E-06;0.0002676;1.87E-08;0.073638669;7.93E-05;3.97E-05;0.001534653;0.000480358;0.002235163;0.000464496;0.001125522;0.000782283
489;0.012921984;1.29E-06;0.0002597;1.88E-08;0.073138397;7.85E-05;3.93E-05;0.001524005;0.000475477;0.002212488;0.00045978;0.001114102;0.000769941
490;0.012789576;1.28E-06;0.0002515;1.88E-08;0.072642535;7.77E-05;3.89E-05;0.001513455;0.000470602;0.002189816;0.000455067;0.001102685;0.000757343
491;0.012628224;1.26E-06;0.0002437;1.91E-08;0.072151035;7.69E-05;3.85E-05;0.001503002;0.000464748;0.002162226;0.000449373;0.00108881;0.000743856
492;0.012466872;1.25E-06;0.0002368;1.93E-08;0.071663851;7.61E-05;3.81E-05;0.001492645;0.0004589;0.002134639;0.000443683;0.001074938;0.000731133
493;0.012296988;1.23E-06;0.0002298;1.95E-08;0.071180936;7.53E-05;3.77E-05;0.001482382;0.000452768;0.002105603;0.000437705;0.001060343;0.000717963
494;0.012127104;1.21E-06;0.000225;1.97E-08;0.070702244;7.46E-05;3.73E-05;0.001472212;0.00044664;0.00207657;0.00043173;0.00104575;0.000706663
495;0.01196316;1.20E-06;0.0002193;1.99E-08;0.070227729;7.38E-05;3.69E-05;0.001462136;0.00044072;0.002048548;0.000425961;0.001031664;0.00069485
496;0.011799216;1.18E-06;0.0002124;2.06E-08;0.069757347;7.31E-05;3.65E-05;0.00145215;0.000434806;0.00202053;0.000420195;0.001017581;0.000682018
497;0.011639808;1.16E-06;0.000206;2.12E-08;0.069291053;7.23E-05;3.62E-05;0.001442255;0.00042905;0.001993284;0.000414585;0.001003885;0.000669803
498;0.0114804;1.15E-06;0.0001998;2.19E-08;0.068828804;7.16E-05;3.58E-05;0.00143245;0.0004233;0.001966041;0.000408979;0.000990192;0.000657758
499;0.011392056;1.14E-06;0.0001942;2.26E-08;0.068370557;7.09E-05;3.55E-05;0.001422733;0.000419971;0.001950881;0.000405792;0.000982541;0.000649243
500;0.011303712;1.13E-06;0.0001906;2.32E-08;0.067916269;7.02E-05;3.51E-05;0.001413103;0.000416647;0.001935723;0.000402607;0.000974893;0.000642429
501;0.011212884;1.12E-06;0.0001875;2.40E-08;0.067465898;6.95E-05;3.48E-05;0.00140356;0.000413243;0.001920145;0.000399341;0.000967036;0.000635933
502;0.011122056;1.11E-06;0.0001828;2.47E-08;0.067019403;6.89E-05;3.44E-05;0.001394102;0.000409844;0.001904569;0.000396077;0.00095918;0.000628078
503;0.011073888;1.11E-06;0.0001776;2.54E-08;0.066576743;6.82E-05;3.41E-05;0.001384729;0.0004079;0.001896248;0.000394266;0.000954953;0.000621611
504;0.01102572;1.10E-06;0.0001724;2.61E-08;0.066137877;6.75E-05;3.38E-05;0.00137544;0.00040596;0.001887928;0.000392458;0.000950728;0.000615144
505;0.01089828;1.09E-06;0.0001683;2.68E-08;0.065702765;6.69E-05;3.35E-05;0.001366234;0.00040133;0.001866134;0.000387958;0.000939767;0.000606243
506;0.01077084;1.08E-06;0.0001648;2.77E-08;0.065271368;6.63E-05;3.31E-05;0.001357109;0.000396704;0.001844342;0.00038346;0.000928807;0.000597852
507;0.01078434;1.08E-06;0.000162;2.86E-08;0.064843647;6.56E-05;3.28E-05;0.001348065;0.000396875;0.001846512;0.000383756;0.00092983;0.000596045
508;0.01079784;1.08E-06;0.0001576;2.94E-08;0.064419563;6.50E-05;3.25E-05;0.001339102;0.00039705;0.001848684;0.000384055;0.000930854;0.000592879
509;0.010808424;1.08E-06;0.0001534;3.03E-08;0.063999078;6.44E-05;3.22E-05;0.001330217;0.000397131;0.001850362;0.000384257;0.000931633;0.000589759
510;0.010819008;1.08E-06;0.0001501;3.12E-08;0.063582156;6.38E-05;3.19E-05;0.001321411;0.000397215;0.001852042;0.000384462;0.000932413;0.000587404
511;0.010850112;1.09E-06;0.0001475;3.21E-08;0.063168758;6.32E-05;3.16E-05;0.001312683;0.000398001;0.001857212;0.000385367;0.00093494;0.000586516
512;0.010881216;1.09E-06;0.0001457;3.30E-08;0.062758848;6.26E-05;3.13E-05;0.001304031;0.000398792;0.001862384;0.000386273;0.000937468;0.000586308
513;0.010956492;1.10E-06;0.0001432;3.39E-08;0.062352391;6.21E-05;3.10E-05;0.001295455;0.000401088;0.001875067;0.000388685;0.000943752;0.000587383
514;0.011031768;1.10E-06;0.0001403;3.47E-08;0.061949349;6.15E-05;3.08E-05;0.001286954;0.000403388;0.001887752;0.000391098;0.000950039;0.000588117
515;0.011186316;1.12E-06;0.0001368;3.56E-08;0.061549689;6.09E-05;3.05E-05;0.001278527;0.000408388;0.001913915;0.000396209;0.000963065;0.00059171
516;0.011340864;1.13E-06;0.000133;3.61E-08;0.061153375;6.04E-05;3.02E-05;0.001270174;0.000413391;0.001940079;0.000401321;0.000976092;0.000595049
517;0.011748024;1.17E-06;0.0001298;3.66E-08;0.060760372;5.98E-05;2.99E-05;0.001261893;0.000426986;0.00200919;0.000415025;0.001010594;0.000609633
518;0.012155184;1.22E-06;0.000127;3.70E-08;0.060370648;5.93E-05;2.97E-05;0.001253684;0.000440586;0.002078303;0.000428731;0.001045097;0.000624558
519;0.01261224;1.26E-06;0.0001246;3.75E-08;0.059984167;5.88E-05;2.94E-05;0.001245547;0.000455886;0.002155899;0.000444135;0.001083843;0.000641943
520;0.013069296;1.31E-06;0.0001231;3.79E-08;0.059600898;5.83E-05;2.92E-05;0.001237479;0.000471189;0.002233497;0.000459542;0.001122591;0.000660094
521;0.013676256;1.37E-06;0.0001211;3.82E-08;0.059220806;5.78E-05;2.89E-05;0.001229481;0.000491592;0.002336581;0.000480047;0.001174082;0.00068419
522;0.014283216;1.43E-06;0.0001189;3.85E-08;0.058843861;5.73E-05;2.87E-05;0.001221552;0.000511999;0.002439666;0.000500554;0.001225575;0.000708116
523;0.015044292;1.50E-06;0.0001165;3.87E-08;0.058470029;5.68E-05;2.84E-05;0.001213691;0.00053765;0.002568953;0.000526303;0.001290169;0.000738423
524;0.015805368;1.58E-06;0.0001145;3.90E-08;0.05809928;5.63E-05;2.82E-05;0.001205898;0.000563304;0.002698241;0.000552054;0.001354765;0.000769069
525;0.016676712;1.67E-06;0.0001132;3.93E-08;0.057731582;5.58E-05;2.79E-05;0.001198171;0.00059271;0.002846277;0.000581556;0.001428735;0.000804997
526;0.017548056;1.75E-06;0.0001113;3.98E-08;0.057366903;5.53E-05;2.77E-05;0.00119051;0.00062212;0.002994314;0.00061106;0.001502707;0.000840415
527;0.018491328;1.85E-06;0.0001091;4.02E-08;0.057005215;5.49E-05;2.75E-05;0.001182915;0.000653979;0.00315458;0.000643012;0.001582794;0.000878634
528;0.0194346;1.94E-06;0.0001064;4.07E-08;0.056646486;5.44E-05;2.72E-05;0.001175384;0.000685841;0.003314848;0.000674965;0.001662882;0.000916429
529;0.020505636;2.05E-06;0.0001042;4.12E-08;0.056290687;5.40E-05;2.70E-05;0.001167917;0.00072205;0.003496838;0.000711264;0.001753832;0.000960079
530;0.021576672;2.16E-06;0.0001031;4.17E-08;0.055937788;5.35E-05;2.68E-05;0.001160513;0.000758262;0.003678829;0.000747565;0.001844784;0.001004664
531;0.022634856;2.26E-06;0.0001017;4.22E-08;0.055587761;5.31E-05;2.66E-05;0.001153172;0.00079404;0.003858636;0.000783431;0.001934644;0.001048448
532;0.02369304;2.37E-06;0.0001002;4.28E-08;0.055240576;5.27E-05;2.64E-05;0.001145893;0.000829822;0.004038445;0.000819299;0.002024505;0.001092146
533;0.024516;2.45E-06;9.91E-05;4.33E-08;0.054896206;5.22E-05;2.61E-05;0.001138676;0.000857608;0.004178266;0.00084717;0.002094374;0.001126188
534;0.02533896;2.53E-06;9.84E-05;4.38E-08;0.054554622;5.18E-05;2.59E-05;0.001131518;0.000885398;0.004318089;0.000875043;0.002164244;0.001160569
535;0.02610252;2.61E-06;9.78E-05;4.44E-08;0.054215796;5.14E-05;2.57E-05;0.001124421;0.00091117;0.004447815;0.000900898;0.002229066;0.001192511
536;0.02686608;2.69E-06;9.70E-05;4.53E-08;0.053879702;5.10E-05;2.55E-05;0.001117384;0.000936946;0.004577542;0.000926755;0.002293889;0.001224283
537;0.02739528;2.74E-06;9.51E-05;4.62E-08;0.053546312;5.06E-05;2.53E-05;0.001110405;0.000954756;0.004667428;0.000944645;0.002338793;0.00124516
538;0.02792448;2.79E-06;9.29E-05;4.71E-08;0.053215599;5.02E-05;2.51E-05;0.001103485;0.000972569;0.004757315;0.000962536;0.002383698;0.001265781
539;0.02833596;2.83E-06;9.13E-05;4.80E-08;0.052887538;4.98E-05;2.49E-05;0.001096622;0.000986382;0.004827191;0.000976427;0.002418597;0.001281909
540;0.02874744;2.87E-06;8.96E-05;4.89E-08;0.052562101;4.94E-05;2.47E-05;0.001089816;0.001000198;0.004897069;0.000990319;0.002453498;0.001297953
541;0.02876256;2.88E-06;8.80E-05;4.96E-08;0.052239263;4.91E-05;2.46E-05;0.001083067;0.001000539;0.004899564;0.000990736;0.002454709;0.001297235
542;0.02877768;2.88E-06;8.64E-05;5.03E-08;0.051918999;4.87E-05;2.44E-05;0.001076373;0.001000884;0.004902061;0.000991155;0.00245592;0.001296518
543;0.02845476;2.85E-06;8.49E-05;5.10E-08;0.051601283;4.83E-05;2.42E-05;0.001069735;0.000989737;0.004847092;0.000980081;0.002428399;0.001281519
544;0.02813184;2.81E-06;8.40E-05;5.17E-08;0.051286091;4.80E-05;2.40E-05;0.001063151;0.000978593;0.004792123;0.000969009;0.002400879;0.001267029
545;0.02753028;2.75E-06;8.33E-05;5.24E-08;0.050973398;4.76E-05;2.38E-05;0.001056622;0.000957977;0.004689786;0.000948464;0.002349676;0.001240868
546;0.02692872;2.69E-06;8.28E-05;5.31E-08;0.050663179;4.73E-05;2.37E-05;0.001050146;0.000937364;0.004587449;0.00092792;0.002298473;0.001214876
547;0.02606256;2.61E-06;8.22E-05;5.38E-08;0.05035541;4.69E-05;2.35E-05;0.001043723;0.000907757;0.004440131;0.000898382;0.00222478;0.001177554
548;0.0251964;2.52E-06;8.05E-05;5.45E-08;0.050050068;4.66E-05;2.33E-05;0.001037353;0.000878152;0.004292814;0.000868844;0.002151088;0.001139296
549;0.02421252;2.42E-06;7.85E-05;5.51E-08;0.04974713;4.63E-05;2.32E-05;0.001031035;0.000844547;0.004125486;0.000835306;0.002067391;0.001095781
550;0.02322864;2.32E-06;7.73E-05;5.58E-08;0.049446571;4.59E-05;2.30E-05;0.001024768;0.000810944;0.003958158;0.000801769;0.001983694;0.001052945
551;0.022326624;2.23E-06;7.63E-05;5.67E-08;0.049148369;4.56E-05;2.28E-05;0.001018553;0.000780127;0.003804749;0.000771016;0.001906958;0.001013759
552;0.021424608;2.14E-06;7.60E-05;5.76E-08;0.048852501;4.53E-05;2.27E-05;0.001012388;0.000749312;0.00365134;0.000740265;0.001830222;0.000975168
553;0.020652408;2.07E-06;7.57E-05;5.85E-08;0.048558946;4.50E-05;2.25E-05;0.001006272;0.000722913;0.003520002;0.000713929;0.001764522;0.000942094
554;0.019880208;1.99E-06;7.46E-05;5.94E-08;0.048267679;4.47E-05;2.24E-05;0.001000207;0.000696516;0.003388664;0.000687594;0.001698823;0.00090834
555;0.01924884;1.92E-06;7.33E-05;6.02E-08;0.047978681;4.44E-05;2.22E-05;0.00099419;0.00067491;0.00328127;0.000666049;0.001645095;0.000880401
556;0.018617472;1.86E-06;7.24E-05;6.11E-08;0.047691928;4.41E-05;2.21E-05;0.000988221;0.000653306;0.003173876;0.000644505;0.001591369;0.000852803
557;0.018341856;1.83E-06;7.18E-05;6.19E-08;0.0474074;4.38E-05;2.19E-05;0.000982301;0.000643799;0.003126962;0.000635058;0.001567883;0.000840579
558;0.01806624;1.81E-06;7.10E-05;6.27E-08;0.047125075;4.35E-05;2.18E-05;0.000976428;0.000634295;0.003080049;0.000625612;0.001544397;0.000828185
559;0.017838684;1.78E-06;7.04E-05;6.36E-08;0.046844932;4.32E-05;2.16E-05;0.000970602;0.000626427;0.003041307;0.000617801;0.001524998;0.000818004
560;0.017611128;1.76E-06;6.98E-05;6.44E-08;0.046566951;4.29E-05;2.15E-05;0.000964823;0.000618561;0.003002566;0.000609991;0.0015056;0.000807823
561;0.017612964;1.76E-06;6.90E-05;6.55E-08;0.046291111;4.26E-05;2.13E-05;0.00095909;0.000618496;0.003002823;0.000609982;0.001505701;0.000807221
562;0.0176148;1.76E-06;6.82E-05;6.65E-08;0.046017392;4.24E-05;2.12E-05;0.000953403;0.000618433;0.003003081;0.000609974;0.001505803;0.000806619
563;0.017964612;1.80E-06;6.73E-05;6.76E-08;0.045745774;4.21E-05;2.11E-05;0.000947761;0.000630204;0.003062497;0.000621799;0.001535485;0.000820721
564;0.018314424;1.83E-06;6.62E-05;6.86E-08;0.045476237;4.18E-05;2.09E-05;0.000942163;0.000641976;0.003121913;0.000633624;0.001565167;0.000834654
565;0.019010916;1.90E-06;6.53E-05;6.97E-08;0.045208761;4.16E-05;2.08E-05;0.00093661;0.000665537;0.003240268;0.000657238;0.001624318;0.00086349
566;0.019707408;1.97E-06;6.47E-05;7.09E-08;0.044943327;4.13E-05;2.07E-05;0.000931101;0.000689101;0.003358623;0.000680853;0.00168347;0.000892582
567;0.020700144;2.07E-06;6.41E-05;7.21E-08;0.044679916;4.11E-05;2.06E-05;0.000925635;0.000722738;0.003527341;0.000714542;0.001767805;0.000934264
568;0.02169288;2.17E-06;6.36E-05;7.33E-08;0.044418509;4.08E-05;2.04E-05;0.000920213;0.000756378;0.00369606;0.000748231;0.00185214;0.000976031
569;0.02286036;2.29E-06;6.30E-05;7.45E-08;0.044159087;4.06E-05;2.03E-05;0.000914832;0.00079596;0.003894486;0.000787863;0.001951329;0.00102514
570;0.02402784;2.40E-06;6.29E-05;7.57E-08;0.043901632;4.03E-05;2.02E-05;0.000909495;0.000835544;0.004092914;0.000827496;0.002050519;0.001074674
571;0.02529036;2.53E-06;6.33E-05;7.73E-08;0.043646125;4.01E-05;2.01E-05;0.000904199;0.000878362;0.004307499;0.000870362;0.002157788;0.001128672
572;0.02655288;2.66E-06;6.39E-05;7.90E-08;0.043392549;3.98E-05;2.00E-05;0.000898944;0.000921181;0.004522085;0.000913228;0.002265058;0.00118284
573;0.0276696;2.77E-06;6.32E-05;8.06E-08;0.043140884;3.96E-05;1.98E-05;0.000893731;0.000959045;0.004711886;0.000951138;0.002359936;0.001229707
574;0.02878632;2.88E-06;6.13E-05;8.23E-08;0.042891115;3.94E-05;1.97E-05;0.000888558;0.00099691;0.004901687;0.000989049;0.002454815;0.001275553
575;0.02938896;2.94E-06;5.89E-05;8.40E-08;0.042643222;3.92E-05;1.96E-05;0.000883425;0.001017297;0.005004093;0.001009482;0.002505996;0.001299126
576;0.0299916;3.00E-06;5.73E-05;8.70E-08;0.042397189;3.89E-05;1.95E-05;0.000878332;0.001037687;0.005106502;0.001029917;0.002557179;0.001323379
577;0.02977236;2.98E-06;5.62E-05;9.01E-08;0.042152999;3.87E-05;1.94E-05;0.000873279;0.001030134;0.005069188;0.001022408;0.002538502;0.001313127
578;0.02955312;2.96E-06;5.63E-05;9.31E-08;0.041910634;3.85E-05;1.93E-05;0.000868265;0.001022583;0.005031876;0.0010149;0.002519826;0.001303894
579;0.02830464;2.83E-06;5.66E-05;9.62E-08;0.041670078;3.83E-05;1.92E-05;0.00086329;0.000980038;0.00481959;0.000972398;0.002413663;0.001251088
580;0.02705616;2.71E-06;5.66E-05;9.88E-08;0.041431315;3.81E-05;1.91E-05;0.000858352;0.000937494;0.004607305;0.000929897;0.0023075;0.001198027
581;0.02522016;2.52E-06;5.64E-05;1.02E-07;0.041194327;3.79E-05;1.90E-05;0.000853453;0.000874976;0.00429514;0.00086742;0.002151398;0.001119826
582;0.02338416;2.34E-06;5.62E-05;1.04E-07;0.040959099;3.77E-05;1.89E-05;0.000848591;0.000812459;0.003982975;0.000804945;0.001995297;0.001041625
583;0.021044772;2.10E-06;5.62E-05;1.07E-07;0.040725615;3.75E-05;1.88E-05;0.000843767;0.000732828;0.003585234;0.000725354;0.001796408;0.000942199
584;0.018705384;1.87E-06;5.57E-05;1.10E-07;0.040493858;3.73E-05;1.87E-05;0.000838979;0.000653199;0.003187494;0.000645764;0.001597519;0.000842349
585;0.0165348;1.65E-06;5.48E-05;1.12E-07;0.040263813;3.71E-05;1.86E-05;0.000834228;0.00057931;0.002818451;0.000571915;0.001412979;0.000749333
586;0.014364216;1.44E-06;5.41E-05;1.17E-07;0.040035465;3.69E-05;1.85E-05;0.000829514;0.000505424;0.00244941;0.000498068;0.001228442;0.000656487
587;0.012518172;1.25E-06;5.30E-05;1.22E-07;0.039808797;3.67E-05;1.84E-05;0.000824835;0.000442574;0.002135542;0.000435255;0.001071491;0.000577094
588;0.010672128;1.07E-06;5.20E-05;1.26E-07;0.039583796;3.65E-05;1.83E-05;0.000820192;0.000379724;0.001821675;0.000372444;0.000914541;0.000497786
589;0.00922428;9.22E-07;5.12E-05;1.31E-07;0.039360445;3.63E-05;1.82E-05;0.000815585;0.000330415;0.001575503;0.000323172;0.000791438;0.000435572
590;0.007776432;7.78E-07;5.02E-05;1.36E-07;0.039138731;3.62E-05;1.82E-05;0.000811011;0.000281108;0.001329331;0.000273901;0.000668337;0.000373188
591;0.006714684;6.71E-07;4.93E-05;1.40E-07;0.038918637;3.60E-05;1.81E-05;0.000806473;0.000244929;0.001148798;0.000237759;0.000578054;0.000327298
592;0.005652936;5.65E-07;4.88E-05;1.45E-07;0.03870015;3.58E-05;1.80E-05;0.000801969;0.000208751;0.000968266;0.000201617;0.000487773;0.000281748
593;0.004899744;4.90E-07;4.85E-05;1.49E-07;0.038483256;3.56E-05;1.79E-05;0.000797498;0.000183066;0.00084019;0.000175966;0.000423719;0.000249483
594;0.004146552;4.15E-07;4.86E-05;1.54E-07;0.038267939;3.55E-05;1.78E-05;0.000793061;0.000157381;0.000712114;0.000150317;0.000359666;0.000217557
595;0.003607848;3.61E-07;4.87E-05;1.58E-07;0.038054186;3.53E-05;1.77E-05;0.000788657;0.000138991;0.000620502;0.000131961;0.000313845;0.000194747
596;0.003069144;3.07E-07;4.79E-05;1.63E-07;0.037841983;3.51E-05;1.77E-05;0.000784287;0.000120602;0.000528891;0.000113605;0.000268025;0.000171172
597;0.00275076;2.75E-07;4.72E-05;1.73E-07;0.037631317;3.50E-05;1.76E-05;0.00077995;0.000109707;0.000474738;0.000102745;0.000240937;0.000157047
598;0.002432376;2.43E-07;4.67E-05;1.82E-07;0.037422172;3.48E-05;1.75E-05;0.000775645;9.88E-05;0.000420586;9.19E-05;0.000213849;0.000143091
599;0.002080188;2.08E-07;4.62E-05;1.92E-07;0.037214537;3.47E-05;1.74E-05;0.000771372;8.68E-05;0.000360688;7.99E-05;0.000183888;0.000127699
600;0.001728;1.73E-07;4.66E-05;2.02E-07;0.037008397;3.45E-05;1.74E-05;0.000767131;7.47E-05;0.00030079;6.79E-05;0.000153927;0.000113071
601;0.00158328;1.58E-07;4.71E-05;2.08E-07;0.036803739;3.44E-05;1.73E-05;0.000762921;6.97E-05;0.00027616;6.29E-05;0.0001416;0.000107346
602;0.00143856;1.44E-07;4.79E-05;2.15E-07;0.036600551;3.42E-05;1.72E-05;0.000758742;6.48E-05;0.000251532;5.80E-05;0.000129273;0.000101876
603;0.00129384;1.29E-07;4.87E-05;2.22E-07;0.036398818;3.41E-05;1.71E-05;0.000754594;5.98E-05;0.000226903;5.30E-05;0.000116947;9.64E-05
604;0.00114912;1.15E-07;4.87E-05;2.28E-07;0.03619853;3.39E-05;1.71E-05;0.000750477;5.48E-05;0.000202276;4.81E-05;0.000104621;9.03E-05
605;0.001057644;1.06E-07;4.84E-05;2.35E-07;0.035999672;3.38E-05;1.70E-05;0.000746389;5.16E-05;0.0001867;4.49E-05;9.68E-05;8.61E-05
606;0.000966168;9.66E-08;4.80E-05;2.39E-07;0.035802232;3.36E-05;1.69E-05;0.000742332;4.84E-05;0.000171123;4.18E-05;8.90E-05;8.19E-05
607;0.000927936;9.28E-08;4.75E-05;2.43E-07;0.035606197;3.35E-05;1.69E-05;0.000738304;4.71E-05;0.000164598;4.04E-05;8.57E-05;7.98E-05
608;0.000889704;8.90E-08;4.70E-05;2.47E-07;0.035411557;3.34E-05;1.68E-05;0.000734305;4.57E-05;0.000158074;3.91E-05;8.25E-05;7.78E-05
609;0.000851472;8.51E-08;4.69E-05;2.51E-07;0.035218297;3.32E-05;1.67E-05;0.000730336;4.44E-05;0.00015155;3.78E-05;7.92E-05;7.61E-05
610;0.00081324;8.13E-08;4.64E-05;2.55E-07;0.035026407;3.31E-05;1.67E-05;0.000726396;4.30E-05;0.000145026;3.64E-05;7.59E-05;7.40E-05
611;0.000775008;7.75E-08;4.58E-05;2.59E-07;0.034835874;3.30E-05;1.66E-05;0.000722484;4.16E-05;0.000138502;3.51E-05;7.27E-05;7.19E-05
612;0.000736776;7.37E-08;4.54E-05;2.62E-07;0.034646686;3.28E-05;1.66E-05;0.000718601;4.03E-05;0.000131979;3.38E-05;6.94E-05;6.99E-05
613;0.000698544;6.99E-08;4.42E-05;2.65E-07;0.034458832;3.27E-05;1.65E-05;0.000714746;3.89E-05;0.000125456;3.24E-05;6.61E-05;6.73E-05
614;0.000660312;6.60E-08;4.27E-05;2.68E-07;0.034272301;3.26E-05;1.64E-05;0.000710919;3.76E-05;0.000118934;3.11E-05;6.28E-05;6.44E-05
615;0.000629856;6.30E-08;4.22E-05;2.72E-07;0.03408708;3.25E-05;1.64E-05;0.000707119;3.65E-05;0.000113734;3.00E-05;6.02E-05;6.27E-05
616;0.0005994;5.99E-08;4.23E-05;2.75E-07;0.033903159;3.23E-05;1.63E-05;0.000703347;3.54E-05;0.000108534;2.90E-05;5.76E-05;6.15E-05
617;0.00057672;5.77E-08;4.30E-05;2.78E-07;0.033720526;3.22E-05;1.63E-05;0.000699602;3.46E-05;0.000104656;2.82E-05;5.57E-05;6.11E-05
618;0.00055404;5.54E-08;4.37E-05;2.81E-07;0.03353917;3.21E-05;1.62E-05;0.000695884;3.37E-05;0.000100779;2.74E-05;5.37E-05;6.07E-05
619;0.00053136;5.31E-08;4.35E-05;2.84E-07;0.033359081;3.20E-05;1.61E-05;0.000692193;3.29E-05;9.69E-05;2.66E-05;5.18E-05;5.96E-05
620;0.00050868;5.09E-08;4.30E-05;2.86E-07;0.033180247;3.19E-05;1.61E-05;0.000688528;3.21E-05;9.30E-05;2.58E-05;4.98E-05;5.82E-05
621;0.000486;4.86E-08;4.25E-05;2.88E-07;0.033002657;3.18E-05;1.60E-05;0.000684889;3.13E-05;8.91E-05;2.50E-05;4.79E-05;5.68E-05
622;0.00046332;4.63E-08;4.33E-05;2.90E-07;0.032826302;3.17E-05;1.60E-05;0.000681276;3.05E-05;8.53E-05;2.42E-05;4.59E-05;5.65E-05
623;0.00044064;4.41E-08;4.40E-05;2.92E-07;0.032651169;3.15E-05;1.59E-05;0.000677689;2.96E-05;8.14E-05;2.34E-05;4.40E-05;5.62E-05
624;0.00041796;4.18E-08;4.38E-05;2.94E-07;0.03247725;3.14E-05;1.59E-05;0.000674127;2.88E-05;7.75E-05;2.26E-05;4.20E-05;5.50E-05
625;0.000400032;4.00E-08;4.32E-05;2.96E-07;0.032304534;3.13E-05;1.58E-05;0.000670591;2.82E-05;7.45E-05;2.20E-05;4.05E-05;5.38E-05
626;0.000382104;3.82E-08;4.26E-05;2.97E-07;0.03213301;3.12E-05;1.58E-05;0.00066708;2.75E-05;7.14E-05;2.13E-05;3.89E-05;5.25E-05
627;0.000368928;3.69E-08;4.24E-05;2.98E-07;0.031962668;3.11E-05;1.57E-05;0.000663593;2.70E-05;6.91E-05;2.08E-05;3.78E-05;5.17E-05
628;0.000355752;3.56E-08;4.26E-05;2.99E-07;0.031793499;3.10E-05;1.57E-05;0.000660131;2.65E-05;6.69E-05;2.04E-05;3.67E-05;5.14E-05
629;0.000342576;3.43E-08;4.28E-05;3.00E-07;0.031625492;3.09E-05;1.56E-05;0.000656694;2.60E-05;6.46E-05;1.99E-05;3.55E-05;5.10E-05
630;0.0003294;3.29E-08;4.28E-05;3.01E-07;0.031458637;3.08E-05;1.56E-05;0.000653281;2.55E-05;6.23E-05;1.94E-05;3.44E-05;5.04E-05
631;0.000316224;3.16E-08;4.29E-05;3.02E-07;0.031292926;3.07E-05;1.55E-05;0.000649891;2.50E-05;6.01E-05;1.90E-05;3.32E-05;4.99E-05
632;0.000303048;3.03E-08;4.37E-05;3.03E-07;0.031128347;3.06E-05;1.55E-05;0.000646526;2.45E-05;5.78E-05;1.85E-05;3.21E-05;5.01E-05
633;0.000289872;2.90E-08;4.44E-05;3.05E-07;0.030964893;3.05E-05;1.54E-05;0.000643184;2.41E-05;5.56E-05;1.80E-05;3.10E-05;5.01E-05
634;0.000276696;2.77E-08;4.40E-05;3.06E-07;0.030802553;3.05E-05;1.54E-05;0.000639866;2.36E-05;5.33E-05;1.75E-05;2.98E-05;4.92E-05
635;0.000267624;2.68E-08;4.31E-05;3.07E-07;0.030641317;3.04E-05;1.53E-05;0.00063657;2.32E-05;5.18E-05;1.72E-05;2.90E-05;4.80E-05
636;0.000258552;2.59E-08;4.20E-05;3.07E-07;0.030481178;3.03E-05;1.53E-05;0.000633298;2.29E-05;5.02E-05;1.69E-05;2.82E-05;4.67E-05
637;0.000253584;2.54E-08;4.22E-05;3.08E-07;0.030322124;3.02E-05;1.52E-05;0.000630048;2.27E-05;4.93E-05;1.67E-05;2.78E-05;4.67E-05
638;0.000248616;2.49E-08;4.33E-05;3.08E-07;0.030164149;3.01E-05;1.52E-05;0.000626821;2.25E-05;4.85E-05;1.65E-05;2.74E-05;4.74E-05
639;0.000243648;2.44E-08;4.46E-05;3.08E-07;0.030007242;3.00E-05;1.52E-05;0.000623616;2.22E-05;4.76E-05;1.63E-05;2.69E-05;4.83E-05
640;0.00023868;2.39E-08;4.52E-05;3.08E-07;0.029851394;2.99E-05;1.51E-05;0.000620434;2.20E-05;4.67E-05;1.61E-05;2.65E-05;4.86E-05
641;0.000233712;2.34E-08;4.50E-05;3.09E-07;0.029696598;2.98E-05;1.51E-05;0.000617274;2.18E-05;4.59E-05;1.59E-05;2.61E-05;4.82E-05
642;0.000228744;2.29E-08;4.49E-05;3.10E-07;0.029542843;2.98E-05;1.50E-05;0.000614135;2.16E-05;4.50E-05;1.57E-05;2.56E-05;4.79E-05
643;0.000223776;2.24E-08;4.53E-05;3.10E-07;0.029390122;2.97E-05;1.50E-05;0.000611018;2.14E-05;4.42E-05;1.55E-05;2.52E-05;4.80E-05
644;0.000218808;2.19E-08;4.60E-05;3.11E-07;0.029238427;2.96E-05;1.50E-05;0.000607922;2.12E-05;4.33E-05;1.54E-05;2.47E-05;4.84E-05
645;0.000214812;2.15E-08;4.65E-05;3.12E-07;0.029087747;2.95E-05;1.49E-05;0.000604848;2.10E-05;4.26E-05;1.52E-05;2.44E-05;4.87E-05
646;0.000210816;2.11E-08;4.64E-05;3.13E-07;0.028938076;2.94E-05;1.49E-05;0.000601795;2.09E-05;4.19E-05;1.50E-05;2.40E-05;4.84E-05
647;0.000207792;2.08E-08;4.64E-05;3.15E-07;0.028789404;2.94E-05;1.48E-05;0.000598763;2.07E-05;4.14E-05;1.49E-05;2.38E-05;4.83E-05
648;0.000204768;2.05E-08;4.64E-05;3.18E-07;0.028641725;2.93E-05;1.48E-05;0.000595752;2.06E-05;4.09E-05;1.48E-05;2.35E-05;4.82E-05
649;0.000201744;2.02E-08;4.65E-05;3.21E-07;0.028495028;2.92E-05;1.48E-05;0.000592761;2.05E-05;4.03E-05;1.47E-05;2.32E-05;4.81E-05
650;0.00019872;1.99E-08;4.71E-05;3.24E-07;0.028349308;2.92E-05;1.47E-05;0.000589791;2.03E-05;3.98E-05;1.46E-05;2.29E-05;4.85E-05
651;0.000195696;1.96E-08;4.72E-05;3.27E-07;0.028204554;2.91E-05;1.47E-05;0.000586841;2.02E-05;3.93E-05;1.44E-05;2.27E-05;4.85E-05
652;0.000192672;1.93E-08;4.67E-05;3.31E-07;0.028060761;2.90E-05;1.47E-05;0.000583911;2.01E-05;3.88E-05;1.43E-05;2.24E-05;4.79E-05
653;0.000189648;1.90E-08;4.64E-05;3.34E-07;0.027917919;2.89E-05;1.46E-05;0.000581001;1.99E-05;3.82E-05;1.42E-05;2.21E-05;4.75E-05
654;0.000186624;1.87E-08;4.57E-05;3.38E-07;0.027776021;2.89E-05;1.46E-05;0.00057811;1.98E-05;3.77E-05;1.41E-05;2.19E-05;4.68E-05
655;0.000183816;1.84E-08;4.48E-05;3.41E-07;0.02763506;2.88E-05;1.46E-05;0.000575239;1.97E-05;3.72E-05;1.40E-05;2.16E-05;4.59E-05
656;0.000181008;1.81E-08;4.38E-05;3.46E-07;0.027495027;2.87E-05;1.45E-05;0.000572388;1.95E-05;3.67E-05;1.39E-05;2.14E-05;4.50E-05
657;0.000178416;1.78E-08;4.28E-05;3.50E-07;0.027355916;2.87E-05;1.45E-05;0.000569556;1.94E-05;3.63E-05;1.38E-05;2.11E-05;4.40E-05
658;0.000175824;1.76E-08;4.24E-05;3.55E-07;0.027217718;2.86E-05;1.45E-05;0.000566743;1.93E-05;3.58E-05;1.37E-05;2.09E-05;4.35E-05
659;0.000174204;1.74E-08;4.22E-05;3.60E-07;0.027080427;2.85E-05;1.45E-05;0.000563949;1.92E-05;3.55E-05;1.36E-05;2.08E-05;4.33E-05
660;0.000172584;1.73E-08;4.18E-05;3.64E-07;0.026944035;2.85E-05;1.44E-05;0.000561174;1.92E-05;3.53E-05;1.35E-05;2.06E-05;4.29E-05
661;0.000171072;1.71E-08;4.14E-05;3.69E-07;0.026808535;2.84E-05;1.44E-05;0.000558417;1.91E-05;3.50E-05;1.35E-05;2.05E-05;4.25E-05
662;0.00016956;1.70E-08;4.13E-05;3.73E-07;0.026673919;2.84E-05;1.44E-05;0.000555678;1.90E-05;3.47E-05;1.34E-05;2.03E-05;4.23E-05
663;0.000168048;1.68E-08;4.14E-05;3.76E-07;0.026540181;2.83E-05;1.43E-05;0.000552958;1.89E-05;3.45E-05;1.33E-05;2.02E-05;4.24E-05
664;0.000166536;1.67E-08;4.19E-05;3.80E-07;0.026407314;2.82E-05;1.43E-05;0.000550255;1.88E-05;3.42E-05;1.33E-05;2.01E-05;4.27E-05
665;0.000165024;1.65E-08;4.28E-05;3.84E-07;0.02627531;2.82E-05;1.43E-05;0.000547571;1.88E-05;3.39E-05;1.32E-05;1.99E-05;4.34E-05
666;0.000163512;1.64E-08;4.39E-05;3.86E-07;0.026144164;2.81E-05;1.43E-05;0.000544904;1.87E-05;3.37E-05;1.31E-05;1.98E-05;4.43E-05
667;0.000162216;1.62E-08;4.47E-05;3.88E-07;0.026013867;2.81E-05;1.42E-05;0.000542255;1.86E-05;3.34E-05;1.31E-05;1.97E-05;4.49E-05
668;0.00016092;1.61E-08;4.52E-05;3.90E-07;0.025884413;2.80E-05;1.42E-05;0.000539623;1.86E-05;3.32E-05;1.30E-05;1.96E-05;4.53E-05
669;0.00015984;1.60E-08;4.53E-05;3.92E-07;0.025755795;2.80E-05;1.42E-05;0.000537009;1.85E-05;3.30E-05;1.30E-05;1.95E-05;4.53E-05
670;0.00015876;1.59E-08;4.50E-05;3.94E-07;0.025628008;2.79E-05;1.42E-05;0.000534412;1.84E-05;3.28E-05;1.29E-05;1.94E-05;4.50E-05
671;0.00015768;1.58E-08;4.52E-05;3.96E-07;0.025501043;2.79E-05;1.41E-05;0.000531832;1.84E-05;3.26E-05;1.29E-05;1.93E-05;4.52E-05
672;0.0001566;1.57E-08;4.57E-05;3.98E-07;0.025374895;2.78E-05;1.41E-05;0.000529269;1.83E-05;3.24E-05;1.28E-05;1.92E-05;4.55E-05
673;0.000155412;1.55E-08;4.62E-05;4.01E-07;0.025249558;2.78E-05;1.41E-05;0.000526723;1.83E-05;3.22E-05;1.28E-05;1.90E-05;4.59E-05
674;0.000154224;1.54E-08;4.63E-05;4.03E-07;0.025125024;2.77E-05;1.41E-05;0.000524193;1.82E-05;3.20E-05;1.27E-05;1.89E-05;4.59E-05
675;0.000153252;1.53E-08;4.57E-05;4.06E-07;0.025001287;2.77E-05;1.40E-05;0.00052168;1.81E-05;3.18E-05;1.27E-05;1.88E-05;4.54E-05
676;0.00015228;1.52E-08;4.46E-05;4.09E-07;0.024878342;2.76E-05;1.40E-05;0.000519184;1.81E-05;3.17E-05;1.26E-05;1.88E-05;4.44E-05
677;0.000151524;1.52E-08;4.33E-05;4.12E-07;0.024756182;2.76E-05;1.40E-05;0.000516704;1.80E-05;3.15E-05;1.26E-05;1.87E-05;4.33E-05
678;0.000150768;1.51E-08;4.22E-05;4.15E-07;0.024634801;2.75E-05;1.40E-05;0.00051424;1.80E-05;3.14E-05;1.26E-05;1.86E-05;4.23E-05
679;0.000150336;1.50E-08;4.13E-05;4.18E-07;0.024514192;2.75E-05;1.39E-05;0.000511792;1.80E-05;3.13E-05;1.25E-05;1.86E-05;4.15E-05
680;0.000149904;1.50E-08;4.06E-05;4.21E-07;0.02439435;2.74E-05;1.39E-05;0.00050936;1.79E-05;3.12E-05;1.25E-05;1.85E-05;4.09E-05
681;0.000149472;1.49E-08;3.98E-05;4.25E-07;0.024275269;2.74E-05;1.39E-05;0.000506944;1.79E-05;3.11E-05;1.25E-05;1.85E-05;4.02E-05
682;0.00014904;1.49E-08;3.87E-05;4.32E-07;0.024156943;2.73E-05;1.39E-05;0.000504544;1.79E-05;3.11E-05;1.25E-05;1.84E-05;3.93E-05
683;0.000148608;1.49E-08;3.75E-05;4.39E-07;0.024039365;2.73E-05;1.39E-05;0.000502159;1.78E-05;3.10E-05;1.25E-05;1.84E-05;3.82E-05
684;0.000148176;1.48E-08;3.70E-05;4.46E-07;0.02392253;2.72E-05;1.38E-05;0.00049979;1.78E-05;3.09E-05;1.24E-05;1.84E-05;3.78E-05
685;0.000147744;1.48E-08;3.69E-05;4.53E-07;0.023806433;2.72E-05;1.38E-05;0.000497437;1.78E-05;3.08E-05;1.24E-05;1.83E-05;3.77E-05
686;0.000147312;1.47E-08;3.66E-05;4.59E-07;0.023691068;2.72E-05;1.38E-05;0.000495098;1.77E-05;3.08E-05;1.24E-05;1.83E-05;3.74E-05
687;0.000147744;1.48E-08;3.61E-05;4.65E-07;0.023576428;2.71E-05;1.38E-05;0.000492774;1.77E-05;3.08E-05;1.24E-05;1.83E-05;3.70E-05
688;0.000148176;1.48E-08;3.54E-05;4.71E-07;0.023462508;2.71E-05;1.38E-05;0.000490465;1.77E-05;3.09E-05;1.24E-05;1.83E-05;3.64E-05
689;0.000148608;1.49E-08;3.48E-05;4.77E-07;0.023349303;2.70E-05;1.38E-05;0.000488171;1.77E-05;3.10E-05;1.24E-05;1.84E-05;3.59E-05
690;0.00014904;1.49E-08;3.42E-05;4.83E-07;0.023236808;2.70E-05;1.37E-05;0.000485891;1.77E-05;3.10E-05;1.24E-05;1.84E-05;3.55E-05
691;0.000149472;1.49E-08;3.38E-05;4.94E-07;0.023125016;2.70E-05;1.37E-05;0.000483627;1.77E-05;3.11E-05;1.24E-05;1.84E-05;3.51E-05
692;0.000149904;1.50E-08;3.35E-05;5.04E-07;0.023013922;2.69E-05;1.37E-05;0.000481377;1.77E-05;3.12E-05;1.24E-05;1.85E-05;3.49E-05
693;0.000150336;1.50E-08;3.31E-05;5.15E-07;0.022903522;2.69E-05;1.37E-05;0.000479142;1.77E-05;3.12E-05;1.25E-05;1.85E-05;3.46E-05
694;0.000150768;1.51E-08;3.28E-05;5.25E-07;0.022793809;2.68E-05;1.37E-05;0.000476921;1.77E-05;3.13E-05;1.25E-05;1.86E-05;3.43E-05
695;0.000151524;1.52E-08;3.24E-05;5.36E-07;0.022684778;2.68E-05;1.37E-05;0.000474714;1.78E-05;3.14E-05;1.25E-05;1.86E-05;3.40E-05
696;0.00015228;1.52E-08;3.21E-05;5.49E-07;0.022576425;2.68E-05;1.37E-05;0.000472521;1.78E-05;3.16E-05;1.25E-05;1.87E-05;3.38E-05
697;0.00015336;1.53E-08;3.24E-05;5.62E-07;0.022468743;2.67E-05;1.36E-05;0.000470342;1.78E-05;3.18E-05;1.26E-05;1.88E-05;3.41E-05
698;0.00015444;1.54E-08;3.27E-05;5.75E-07;0.022361729;2.67E-05;1.36E-05;0.000468177;1.78E-05;3.19E-05;1.26E-05;1.89E-05;3.44E-05
699;0.00015552;1.56E-08;3.25E-05;5.88E-07;0.022255376;2.67E-05;1.36E-05;0.000466026;1.78E-05;3.21E-05;1.26E-05;1.90E-05;3.43E-05
700;0.0001566;1.57E-08;3.23E-05;6.01E-07;0.02214968;2.66E-05;1.36E-05;0.000463888;1.79E-05;3.23E-05;1.27E-05;1.91E-05;3.42E-05
701;0.00015768;1.58E-08;3.20E-05;6.27E-07;0.022044636;2.66E-05;1.36E-05;0.000461766;1.79E-05;3.25E-05;1.27E-05;1.92E-05;3.40E-05
702;0.00015876;1.59E-08;3.19E-05;6.53E-07;0.021940239;2.66E-05;1.36E-05;0.000459658;1.79E-05;3.27E-05;1.28E-05;1.93E-05;3.39E-05
703;0.00015984;1.60E-08;3.22E-05;6.79E-07;0.021836484;2.65E-05;1.36E-05;0.000457563;1.80E-05;3.29E-05;1.28E-05;1.94E-05;3.42E-05
704;0.00016092;1.61E-08;3.26E-05;7.05E-07;0.021733365;2.65E-05;1.36E-05;0.00045548;1.80E-05;3.31E-05;1.29E-05;1.95E-05;3.46E-05
705;0.000162216;1.62E-08;3.23E-05;7.31E-07;0.021630879;2.65E-05;1.36E-05;0.000453411;1.81E-05;3.33E-05;1.29E-05;1.96E-05;3.44E-05
706;0.000163512;1.64E-08;3.18E-05;7.62E-07;0.021529021;2.64E-05;1.36E-05;0.000451356;1.81E-05;3.35E-05;1.30E-05;1.97E-05;3.41E-05
707;0.000165024;1.65E-08;3.13E-05;7.93E-07;0.021427785;2.64E-05;1.36E-05;0.000449314;1.82E-05;3.38E-05;1.30E-05;1.99E-05;3.37E-05
708;0.000166536;1.67E-08;3.10E-05;8.24E-07;0.021327168;2.64E-05;1.36E-05;0.000447284;1.82E-05;3.41E-05;1.31E-05;2.00E-05;3.35E-05
709;0.000168048;1.68E-08;3.11E-05;8.54E-07;0.021227164;2.63E-05;1.36E-05;0.000445267;1.83E-05;3.44E-05;1.32E-05;2.02E-05;3.37E-05
710;0.00016956;1.70E-08;3.15E-05;8.85E-07;0.021127769;2.63E-05;1.36E-05;0.000443262;1.83E-05;3.46E-05;1.32E-05;2.03E-05;3.41E-05
711;0.000171072;1.71E-08;3.20E-05;9.19E-07;0.021028978;2.63E-05;1.36E-05;0.000441271;1.84E-05;3.49E-05;1.33E-05;2.04E-05;3.46E-05
712;0.000172584;1.73E-08;3.21E-05;9.53E-07;0.020930787;2.63E-05;1.36E-05;0.000439292;1.84E-05;3.52E-05;1.34E-05;2.06E-05;3.47E-05
713;0.000174096;1.74E-08;3.20E-05;9.87E-07;0.020833191;2.62E-05;1.36E-05;0.000437325;1.85E-05;3.54E-05;1.34E-05;2.07E-05;3.47E-05
714;0.000175608;1.76E-08;3.21E-05;1.02E-06;0.020736187;2.62E-05;1.36E-05;0.00043537;1.85E-05;3.57E-05;1.35E-05;2.09E-05;3.49E-05
715;0.000177444;1.77E-08;3.26E-05;1.05E-06;0.020639768;2.62E-05;1.36E-05;0.000433427;1.86E-05;3.60E-05;1.36E-05;2.11E-05;3.54E-05
716;0.00017928;1.79E-08;3.34E-05;1.11E-06;0.020543932;2.62E-05;1.36E-05;0.000431501;1.87E-05;3.64E-05;1.37E-05;2.12E-05;3.61E-05
717;0.00018144;1.81E-08;3.43E-05;1.16E-06;0.020448674;2.61E-05;1.36E-05;0.000429586;1.88E-05;3.68E-05;1.38E-05;2.15E-05;3.70E-05
718;0.0001836;1.84E-08;3.51E-05;1.22E-06;0.020353989;2.61E-05;1.37E-05;0.000427683;1.89E-05;3.72E-05;1.39E-05;2.17E-05;3.78E-05
719;0.00018576;1.86E-08;3.58E-05;1.27E-06;0.020259874;2.61E-05;1.37E-05;0.000425792;1.89E-05;3.76E-05;1.40E-05;2.19E-05;3.85E-05
720;0.00018792;1.88E-08;3.67E-05;1.34E-06;0.020166323;2.61E-05;1.37E-05;0.000423914;1.90E-05;3.80E-05;1.41E-05;2.21E-05;3.93E-05
721;0.00019008;1.90E-08;3.76E-05;1.40E-06;0.020073334;2.60E-05;1.37E-05;0.000422047;1.91E-05;3.84E-05;1.42E-05;2.23E-05;4.02E-05
722;0.00019224;1.92E-08;3.83E-05;1.46E-06;0.019980901;2.60E-05;1.37E-05;0.000420192;1.92E-05;3.88E-05;1.43E-05;2.26E-05;4.09E-05
723;0.0001944;1.94E-08;3.90E-05;1.52E-06;0.019889021;2.60E-05;1.38E-05;0.000418348;1.93E-05;3.92E-05;1.44E-05;2.28E-05;4.16E-05
724;0.00019656;1.97E-08;4.01E-05;1.59E-06;0.01979769;2.60E-05;1.38E-05;0.000416515;1.94E-05;3.96E-05;1.45E-05;2.30E-05;4.26E-05
725;0.000198828;1.99E-08;4.15E-05;1.66E-06;0.019706903;2.59E-05;1.38E-05;0.000414697;1.95E-05;4.00E-05;1.47E-05;2.33E-05;4.39E-05
726;0.000201096;2.01E-08;4.30E-05;1.74E-06;0.019616657;2.59E-05;1.38E-05;0.00041289;1.96E-05;4.04E-05;1.48E-05;2.35E-05;4.53E-05
727;0.000203472;2.03E-08;4.47E-05;1.82E-06;0.019526947;2.59E-05;1.39E-05;0.000411094;1.97E-05;4.09E-05;1.49E-05;2.37E-05;4.68E-05
728;0.000205848;2.06E-08;4.63E-05;1.90E-06;0.01943777;2.59E-05;1.39E-05;0.000409309;1.98E-05;4.13E-05;1.51E-05;2.40E-05;4.83E-05
729;0.000208224;2.08E-08;4.80E-05;1.98E-06;0.019349122;2.58E-05;1.39E-05;0.000407535;2.00E-05;4.18E-05;1.52E-05;2.43E-05;4.98E-05
730;0.0002106;2.11E-08;4.99E-05;2.04E-06;0.019260999;2.58E-05;1.39E-05;0.000405766;2.01E-05;4.22E-05;1.53E-05;2.45E-05;5.16E-05
731;0.000212976;2.13E-08;5.16E-05;2.09E-06;0.019173397;2.58E-05;1.39E-05;0.000404009;2.02E-05;4.26E-05;1.54E-05;2.47E-05;5.31E-05
732;0.000215352;2.15E-08;5.35E-05;2.14E-06;0.019086313;2.58E-05;1.40E-05;0.000402261;2.03E-05;4.31E-05;1.55E-05;2.50E-05;5.48E-05
733;0.000217728;2.18E-08;5.52E-05;2.20E-06;0.018999742;2.58E-05;1.40E-05;0.000400525;2.03E-05;4.35E-05;1.56E-05;2.52E-05;5.64E-05
734;0.000220104;2.20E-08;5.64E-05;2.25E-06;0.018913681;2.57E-05;1.40E-05;0.000398798;2.04E-05;4.39E-05;1.58E-05;2.54E-05;5.75E-05
735;0.000223128;2.23E-08;5.76E-05;2.31E-06;0.018828126;2.57E-05;1.40E-05;0.000397083;2.06E-05;4.45E-05;1.59E-05;2.57E-05;5.87E-05
736;0.000226152;2.26E-08;5.89E-05;2.34E-06;0.018743074;2.57E-05;1.40E-05;0.000395373;2.07E-05;4.50E-05;1.60E-05;2.60E-05;5.99E-05
737;0.000229824;2.30E-08;6.00E-05;2.37E-06;0.01865852;2.57E-05;1.40E-05;0.000393674;2.08E-05;4.56E-05;1.62E-05;2.63E-05;6.10E-05
738;0.000233496;2.33E-08;6.16E-05;2.41E-06;0.018574462;2.57E-05;1.40E-05;0.000391984;2.09E-05;4.63E-05;1.63E-05;2.67E-05;6.25E-05
739;0.000237168;2.37E-08;6.36E-05;2.44E-06;0.018490896;2.56E-05;1.40E-05;0.000390305;2.11E-05;4.69E-05;1.64E-05;2.70E-05;6.44E-05
740;0.00024084;2.41E-08;6.54E-05;2.48E-06;0.018407818;2.56E-05;1.40E-05;0.000388636;2.12E-05;4.76E-05;1.66E-05;2.73E-05;6.61E-05
741;0.000244512;2.45E-08;6.80E-05;2.50E-06;0.018325224;2.56E-05;1.41E-05;0.000386974;2.13E-05;4.82E-05;1.67E-05;2.77E-05;6.84E-05
742;0.000248184;2.48E-08;7.07E-05;2.52E-06;0.018243112;2.56E-05;1.41E-05;0.000385322;2.15E-05;4.88E-05;1.69E-05;2.80E-05;7.09E-05
743;0.000251856;2.52E-08;7.35E-05;2.54E-06;0.018161478;2.56E-05;1.41E-05;0.000383679;2.16E-05;4.95E-05;1.70E-05;2.83E-05;7.34E-05
744;0.000255528;2.56E-08;7.68E-05;2.56E-06;0.018080318;2.55E-05;1.41E-05;0.000382047;2.17E-05;5.01E-05;1.71E-05;2.86E-05;7.64E-05
745;0.000259416;2.59E-08;8.01E-05;2.58E-06;0.017999629;2.55E-05;1.41E-05;0.000380424;2.19E-05;5.08E-05;1.73E-05;2.90E-05;7.94E-05
746;0.000263304;2.63E-08;8.37E-05;2.59E-06;0.017919407;2.55E-05;1.41E-05;0.000378807;2.20E-05;5.14E-05;1.74E-05;2.93E-05;8.26E-05
747;0.000267408;2.67E-08;8.74E-05;2.59E-06;0.01783965;2.55E-05;1.40E-05;0.0003772;2.21E-05;5.21E-05;1.75E-05;2.96E-05;8.59E-05
748;0.000271512;2.72E-08;9.08E-05;2.60E-06;0.017760354;2.55E-05;1.40E-05;0.000375603;2.23E-05;5.28E-05;1.77E-05;3.00E-05;8.90E-05
749;0.000275616;2.76E-08;9.41E-05;2.61E-06;0.017681515;2.55E-05;1.40E-05;0.000374015;2.24E-05;5.35E-05;1.78E-05;3.03E-05;9.20E-05
750;0.00027972;2.80E-08;9.72E-05;2.61E-06;0.017603131;2.54E-05;1.40E-05;0.000372436;2.25E-05;5.42E-05;1.80E-05;3.07E-05;9.48E-05
751;0.000283824;2.84E-08;0.0001001;2.62E-06;0.017525198;2.54E-05;1.40E-05;0.000370865;2.27E-05;5.49E-05;1.81E-05;3.10E-05;9.74E-05
752;0.000287928;2.88E-08;0.000103;2.62E-06;0.017447714;2.54E-05;1.40E-05;0.000369304;2.28E-05;5.56E-05;1.82E-05;3.14E-05;0.000100049
753;0.000292032;2.92E-08;0.0001059;2.62E-06;0.017370674;2.54E-05;1.40E-05;0.000367752;2.29E-05;5.63E-05;1.84E-05;3.17E-05;0.000102689
754;0.000296136;2.96E-08;0.0001089;2.63E-06;0.017294076;2.54E-05;1.40E-05;0.000366209;2.31E-05;5.70E-05;1.85E-05;3.21E-05;0.000105414
755;0.000299808;3.00E-08;0.000112;2.63E-06;0.017217916;2.54E-05;1.40E-05;0.000364675;2.32E-05;5.76E-05;1.86E-05;3.24E-05;0.000108205
756;0.00030348;3.03E-08;0.0001155;2.63E-06;0.017142192;2.54E-05;1.40E-05;0.000363149;2.33E-05;5.82E-05;1.87E-05;3.27E-05;0.000111336
757;0.00030672;3.07E-08;0.000119;2.62E-06;0.017066901;2.53E-05;1.40E-05;0.000361631;2.34E-05;5.88E-05;1.89E-05;3.30E-05;0.000114448
758;0.00030996;3.10E-08;0.0001227;2.62E-06;0.016992038;2.53E-05;1.40E-05;0.000360122;2.35E-05;5.93E-05;1.90E-05;3.32E-05;0.00011773
759;0.0003132;3.13E-08;0.0001258;2.62E-06;0.016917603;2.53E-05;1.40E-05;0.000358622;2.36E-05;5.99E-05;1.91E-05;3.35E-05;0.000120503
760;0.00031644;3.16E-08;0.0001278;2.61E-06;0.01684359;2.53E-05;1.40E-05;0.00035713;2.37E-05;6.04E-05;1.92E-05;3.38E-05;0.00012234
761;0.00031968;3.20E-08;0.0001289;2.61E-06;0.016769999;2.53E-05;1.39E-05;0.000355646;2.38E-05;6.10E-05;1.93E-05;3.41E-05;0.000123412
762;0.00032292;3.23E-08;0.000129;2.60E-06;0.016696824;2.53E-05;1.39E-05;0.000354171;2.39E-05;6.15E-05;1.94E-05;3.43E-05;0.000123634
763;0.00032616;3.26E-08;0.0001273;2.59E-06;0.016624065;2.53E-05;1.39E-05;0.000352705;2.40E-05;6.21E-05;1.95E-05;3.46E-05;0.000122326
764;0.0003294;3.29E-08;0.0001249;2.59E-06;0.016551717;2.52E-05;1.39E-05;0.000351247;2.41E-05;6.26E-05;1.96E-05;3.49E-05;0.000120424
765;0.000332856;3.33E-08;0.0001206;2.58E-06;0.016479778;2.52E-05;1.39E-05;0.000349797;2.42E-05;6.32E-05;1.97E-05;3.51E-05;0.000116915
766;0.000336312;3.36E-08;0.0001153;2.58E-06;0.016408245;2.52E-05;1.39E-05;0.000348355;2.43E-05;6.38E-05;1.98E-05;3.54E-05;0.000112556
767;0.000339984;3.40E-08;0.0001089;2.55E-06;0.016337115;2.52E-05;1.39E-05;0.000346917;2.44E-05;6.44E-05;1.99E-05;3.57E-05;0.00010727
768;0.000343656;3.44E-08;0.0001021;2.52E-06;0.016266386;2.52E-05;1.39E-05;0.000345488;2.45E-05;6.50E-05;2.00E-05;3.60E-05;0.000101643
769;0.000347328;3.47E-08;9.48E-05;2.50E-06;0.016196054;2.52E-05;1.38E-05;0.000344066;2.46E-05;6.56E-05;2.01E-05;3.63E-05;9.56E-05
770;0.000351;3.51E-08;8.71E-05;2.48E-06;0.016126118;2.52E-05;1.38E-05;0.000342655;2.48E-05;6.62E-05;2.02E-05;3.66E-05;8.92E-05
771;0.000354672;3.55E-08;7.93E-05;2.46E-06;0.016056573;2.52E-05;1.38E-05;0.000341252;2.49E-05;6.68E-05;2.03E-05;3.69E-05;8.27E-05
772;0.000358344;3.58E-08;7.19E-05;2.45E-06;0.015987418;2.52E-05;1.38E-05;0.000339857;2.50E-05;6.74E-05;2.04E-05;3.72E-05;7.66E-05
773;0.000362016;3.62E-08;6.53E-05;2.43E-06;0.01591865;2.51E-05;1.38E-05;0.000338469;2.51E-05;6.80E-05;2.05E-05;3.75E-05;7.11E-05
774;0.000365688;3.66E-08;5.96E-05;2.41E-06;0.015850265;2.51E-05;1.38E-05;0.00033709;2.52E-05;6.86E-05;2.07E-05;3.78E-05;6.64E-05
775;0.000368928;3.69E-08;5.53E-05;2.40E-06;0.015782263;2.51E-05;1.38E-05;0.000335718;2.53E-05;6.92E-05;2.08E-05;3.81E-05;6.29E-05
776;0.000372168;3.72E-08;5.15E-05;2.37E-06;0.015714639;2.51E-05;1.37E-05;0.000334352;2.54E-05;6.97E-05;2.08E-05;3.83E-05;5.98E-05
777;0.000374976;3.75E-08;4.81E-05;2.35E-06;0.015647391;2.51E-05;1.37E-05;0.000332994;2.55E-05;7.02E-05;2.09E-05;3.85E-05;5.71E-05
778;0.000377784;3.78E-08;4.51E-05;2.32E-06;0.015580517;2.51E-05;1.37E-05;0.000331643;2.55E-05;7.06E-05;2.10E-05;3.88E-05;5.46E-05
779;0.000380592;3.81E-08;4.26E-05;2.30E-06;0.015514015;2.51E-05;1.37E-05;0.0003303;2.56E-05;7.11E-05;2.11E-05;3.90E-05;5.26E-05
780;0.0003834;3.83E-08;4.09E-05;2.27E-06;0.015447881;2.51E-05;1.37E-05;0.000328964;2.57E-05;7.16E-05;2.11E-05;3.92E-05;5.13E-05
781;0.000386208;3.86E-08;3.91E-05;2.25E-06;0.015382113;2.51E-05;1.37E-05;0.000327636;2.58E-05;7.20E-05;2.12E-05;3.94E-05;4.99E-05
782;0.000389016;3.89E-08;3.78E-05;2.22E-06;0.015316709;2.50E-05;1.36E-05;0.000326315;2.59E-05;7.25E-05;2.13E-05;3.96E-05;4.89E-05
783;0.000391824;3.92E-08;3.66E-05;2.19E-06;0.015251665;2.50E-05;1.36E-05;0.000325001;2.59E-05;7.29E-05;2.14E-05;3.98E-05;4.80E-05
784;0.000394632;3.95E-08;3.60E-05;2.17E-06;0.015186981;2.50E-05;1.36E-05;0.000323695;2.60E-05;7.34E-05;2.14E-05;4.01E-05;4.76E-05
785;0.000397116;3.97E-08;3.57E-05;2.14E-06;0.015122653;2.50E-05;1.36E-05;0.000322396;2.61E-05;7.38E-05;2.15E-05;4.03E-05;4.74E-05
786;0.0003996;4.00E-08;3.55E-05;2.13E-06;0.015058678;2.50E-05;1.36E-05;0.000321106;2.62E-05;7.42E-05;2.16E-05;4.05E-05;4.74E-05
787;0.00040176;4.02E-08;3.53E-05;2.11E-06;0.014995055;2.50E-05;1.36E-05;0.000319823;2.62E-05;7.46E-05;2.16E-05;4.06E-05;4.73E-05
788;0.00040392;4.04E-08;3.49E-05;2.09E-06;0.014931782;2.50E-05;1.35E-05;0.000318547;2.63E-05;7.49E-05;2.17E-05;4.08E-05;4.70E-05
789;0.00040608;4.06E-08;3.46E-05;2.07E-06;0.014868855;2.50E-05;1.35E-05;0.000317278;2.63E-05;7.53E-05;2.18E-05;4.10E-05;4.69E-05
790;0.00040824;4.08E-08;3.46E-05;2.05E-06;0.014806272;2.50E-05;1.35E-05;0.000316016;2.64E-05;7.56E-05;2.18E-05;4.11E-05;4.70E-05
791;0.0004104;4.10E-08;3.47E-05;2.04E-06;0.014744031;2.50E-05;1.35E-05;0.000314761;2.65E-05;7.60E-05;2.19E-05;4.13E-05;4.71E-05
792;0.00041256;4.13E-08;3.47E-05;2.02E-06;0.014682131;2.50E-05;1.35E-05;0.000313513;2.65E-05;7.63E-05;2.19E-05;4.15E-05;4.72E-05
793;0.00041472;4.15E-08;3.47E-05;2.01E-06;0.014620567;2.49E-05;1.35E-05;0.000312272;2.66E-05;7.67E-05;2.20E-05;4.16E-05;4.73E-05
794;0.00041688;4.17E-08;3.52E-05;1.99E-06;0.014559339;2.49E-05;1.35E-05;0.000311038;2.66E-05;7.71E-05;2.21E-05;4.18E-05;4.78E-05
795;0.000420768;4.21E-08;3.59E-05;1.99E-06;0.014498444;2.49E-05;1.35E-05;0.000309813;2.68E-05;7.77E-05;2.22E-05;4.21E-05;4.86E-05
796;0.000424656;4.25E-08;3.69E-05;1.98E-06;0.01443788;2.49E-05;1.35E-05;0.000308594;2.69E-05;7.84E-05;2.23E-05;4.25E-05;4.96E-05
797;0.000430272;4.30E-08;3.79E-05;1.98E-06;0.014377644;2.49E-05;1.34E-05;0.000307383;2.71E-05;7.93E-05;2.25E-05;4.29E-05;5.07E-05
798;0.000435888;4.36E-08;3.87E-05;1.97E-06;0.014317735;2.49E-05;1.34E-05;0.000306178;2.73E-05;8.03E-05;2.27E-05;4.34E-05;5.16E-05
799;0.000438264;4.38E-08;3.93E-05;1.97E-06;0.014258149;2.49E-05;1.34E-05;0.000304979;2.73E-05;8.07E-05;2.28E-05;4.36E-05;5.22E-05
800;0.00044064;4.41E-08;4.03E-05;1.96E-06;0.014198886;2.49E-05;1.34E-05;0.000303787;2.74E-05;8.11E-05;2.28E-05;4.38E-05;5.32E-05
801;0.00044388;4.44E-08;4.13E-05;1.97E-06;0.014139943;2.49E-05;1.34E-05;0.000302603;2.75E-05;8.16E-05;2.29E-05;4.41E-05;5.42E-05
802;0.00044712;4.47E-08;4.24E-05;1.97E-06;0.014081317;2.49E-05;1.34E-05;0.000301426;2.76E-05;8.22E-05;2.31E-05;4.44E-05;5.52E-05
803;0.00044928;4.49E-08;4.34E-05;1.97E-06;0.014023008;2.49E-05;1.34E-05;0.000300255;2.77E-05;8.25E-05;2.31E-05;4.45E-05;5.62E-05
804;0.00045144;4.51E-08;4.42E-05;1.98E-06;0.013965011;2.49E-05;1.34E-05;0.00029909;2.78E-05;8.29E-05;2.32E-05;4.47E-05;5.70E-05
805;0.0004536;4.54E-08;4.54E-05;1.98E-06;0.013907327;2.49E-05;1.34E-05;0.000297931;2.78E-05;8.33E-05;2.33E-05;4.49E-05;5.81E-05
806;0.00045576;4.56E-08;4.67E-05;2.00E-06;0.013849951;2.49E-05;1.34E-05;0.000296783;2.79E-05;8.37E-05;2.34E-05;4.51E-05;5.93E-05
807;0.000459;4.59E-08;4.82E-05;2.02E-06;0.013792883;2.48E-05;1.34E-05;0.00029564;2.80E-05;8.42E-05;2.35E-05;4.54E-05;6.07E-05
808;0.00046224;4.62E-08;4.97E-05;2.04E-06;0.013736121;2.48E-05;1.34E-05;0.000294504;2.82E-05;8.48E-05;2.36E-05;4.57E-05;6.21E-05
809;0.0004644;4.64E-08;5.11E-05;2.07E-06;0.013679662;2.48E-05;1.34E-05;0.000293374;2.82E-05;8.52E-05;2.37E-05;4.59E-05;6.34E-05
810;0.00046656;4.67E-08;5.27E-05;2.09E-06;0.013623504;2.48E-05;1.35E-05;0.000292252;2.83E-05;8.55E-05;2.38E-05;4.61E-05;6.48E-05
811;0.00046872;4.69E-08;5.47E-05;2.12E-06;0.013567646;2.48E-05;1.35E-05;0.000291135;2.84E-05;8.59E-05;2.39E-05;4.63E-05;6.66E-05
812;0.00047088;4.71E-08;5.67E-05;2.15E-06;0.013512085;2.48E-05;1.35E-05;0.000290024;2.85E-05;8.63E-05;2.40E-05;4.65E-05;6.84E-05
813;0.00047304;4.73E-08;5.83E-05;2.18E-06;0.013456819;2.48E-05;1.35E-05;0.00028892;2.86E-05;8.67E-05;2.41E-05;4.67E-05;6.99E-05
814;0.0004752;4.75E-08;5.94E-05;2.21E-06;0.013401847;2.48E-05;1.35E-05;0.000287821;2.87E-05;8.71E-05;2.41E-05;4.69E-05;7.09E-05
815;0.000477144;4.77E-08;6.03E-05;2.23E-06;0.013347167;2.48E-05;1.35E-05;0.000286729;2.87E-05;8.74E-05;2.42E-05;4.71E-05;7.18E-05
816;0.000479088;4.79E-08;6.15E-05;2.28E-06;0.013292777;2.48E-05;1.35E-05;0.000285646;2.88E-05;8.78E-05;2.43E-05;4.73E-05;7.29E-05
817;0.000482976;4.83E-08;6.33E-05;2.33E-06;0.013238674;2.48E-05;1.36E-05;0.00028457;2.90E-05;8.85E-05;2.45E-05;4.76E-05;7.46E-05
818;0.000486864;4.87E-08;6.54E-05;2.38E-06;0.013184857;2.48E-05;1.36E-05;0.000283499;2.91E-05;8.92E-05;2.47E-05;4.80E-05;7.65E-05
819;0.000490752;4.91E-08;6.74E-05;2.43E-06;0.013131325;2.48E-05;1.36E-05;0.000282434;2.93E-05;8.98E-05;2.48E-05;4.84E-05;7.84E-05
820;0.00049464;4.95E-08;6.91E-05;2.48E-06;0.013078075;2.48E-05;1.36E-05;0.000281374;2.95E-05;9.05E-05;2.50E-05;4.87E-05;8.00E-05
821;0.000498528;4.99E-08;7.08E-05;2.56E-06;0.013025105;2.48E-05;1.37E-05;0.000280325;2.96E-05;9.12E-05;2.52E-05;4.91E-05;8.16E-05
822;0.000502416;5.02E-08;7.24E-05;2.63E-06;0.012972413;2.48E-05;1.37E-05;0.000279282;2.98E-05;9.19E-05;2.54E-05;4.95E-05;8.32E-05
823;0.000506304;5.06E-08;7.40E-05;2.70E-06;0.012919999;2.47E-05;1.37E-05;0.000278244;2.99E-05;9.26E-05;2.55E-05;4.99E-05;8.47E-05
824;0.000510192;5.10E-08;7.58E-05;2.77E-06;0.01286786;2.47E-05;1.38E-05;0.000277212;3.01E-05;9.33E-05;2.57E-05;5.03E-05;8.64E-05
825;0.000513324;5.13E-08;7.75E-05;2.83E-06;0.012815994;2.47E-05;1.38E-05;0.000276181;3.02E-05;9.39E-05;2.59E-05;5.06E-05;8.80E-05
826;0.000516456;5.16E-08;7.86E-05;2.88E-06;0.012764399;2.47E-05;1.38E-05;0.000275156;3.04E-05;9.45E-05;2.60E-05;5.09E-05;8.90E-05
827;0.000518832;5.19E-08;7.96E-05;2.93E-06;0.012713074;2.47E-05;1.38E-05;0.000274136;3.05E-05;9.49E-05;2.61E-05;5.11E-05;9.00E-05
828;0.000521208;5.21E-08;7.99E-05;2.98E-06;0.012662018;2.47E-05;1.39E-05;0.000273121;3.06E-05;9.53E-05;2.62E-05;5.13E-05;9.04E-05
829;0.000523584;5.24E-08;8.02E-05;3.04E-06;0.012611227;2.47E-05;1.39E-05;0.000272112;3.07E-05;9.58E-05;2.64E-05;5.16E-05;9.07E-05
830;0.00052596;5.26E-08;8.03E-05;3.09E-06;0.012560701;2.47E-05;1.39E-05;0.000271109;3.08E-05;9.62E-05;2.65E-05;5.18E-05;9.09E-05
831;0.000528336;5.28E-08;8.03E-05;3.14E-06;0.012510438;2.47E-05;1.39E-05;0.000270109;3.09E-05;9.66E-05;2.66E-05;5.20E-05;9.10E-05
832;0.000530712;5.31E-08;8.01E-05;3.18E-06;0.012460437;2.47E-05;1.39E-05;0.000269115;3.10E-05;9.71E-05;2.67E-05;5.23E-05;9.10E-05
833;0.000533088;5.33E-08;7.94E-05;3.23E-06;0.012410694;2.47E-05;1.40E-05;0.000268126;3.11E-05;9.75E-05;2.68E-05;5.25E-05;9.05E-05
834;0.000535464;5.35E-08;7.85E-05;3.28E-06;0.01236121;2.47E-05;1.40E-05;0.000267142;3.12E-05;9.79E-05;2.69E-05;5.27E-05;8.98E-05
835;0.000538056;5.38E-08;7.75E-05;3.33E-06;0.012311982;2.47E-05;1.40E-05;0.000266164;3.13E-05;9.84E-05;2.70E-05;5.30E-05;8.91E-05
836;0.000540648;5.41E-08;7.64E-05;3.37E-06;0.012263009;2.47E-05;1.40E-05;0.00026519;3.14E-05;9.89E-05;2.72E-05;5.33E-05;8.83E-05
837;0.000543456;5.43E-08;7.57E-05;3.45E-06;0.012214288;2.47E-05;1.41E-05;0.000264228;3.16E-05;9.94E-05;2.73E-05;5.35E-05;8.78E-05
838;0.000546264;5.46E-08;7.51E-05;3.53E-06;0.012165819;2.47E-05;1.41E-05;0.00026327;3.17E-05;9.99E-05;2.75E-05;5.38E-05;8.74E-05
839;0.000549072;5.49E-08;7.39E-05;3.60E-06;0.0121176;2.47E-05;1.41E-05;0.000262318;3.18E-05;0.000100441;2.76E-05;5.41E-05;8.65E-05
840;0.00055188;5.52E-08;7.26E-05;3.68E-06;0.012069629;2.47E-05;1.42E-05;0.000261371;3.20E-05;0.000100964;2.78E-05;5.44E-05;8.55E-05
841;0.000554688;5.55E-08;7.15E-05;3.74E-06;0.012021904;2.47E-05;1.42E-05;0.000260426;3.21E-05;0.000101478;2.79E-05;5.47E-05;8.47E-05
842;0.000557496;5.57E-08;7.03E-05;3.81E-06;0.011974425;2.47E-05;1.42E-05;0.000259486;3.22E-05;0.000101993;2.80E-05;5.50E-05;8.38E-05
843;0.000560304;5.60E-08;6.92E-05;3.87E-06;0.011927189;2.47E-05;1.43E-05;0.000258551;3.23E-05;0.000102508;2.82E-05;5.53E-05;8.30E-05
844;0.000563112;5.63E-08;6.85E-05;3.94E-06;0.011880196;2.47E-05;1.43E-05;0.000257621;3.25E-05;0.000103023;2.83E-05;5.56E-05;8.26E-05
845;0.000565056;5.65E-08;6.78E-05;4.00E-06;0.011833442;2.46E-05;1.43E-05;0.000256696;3.26E-05;0.000103391;2.84E-05;5.58E-05;8.20E-05
846;0.000567;5.67E-08;6.69E-05;4.08E-06;0.011786928;2.46E-05;1.44E-05;0.000255779;3.27E-05;0.000103771;2.85E-05;5.60E-05;8.14E-05
847;0.00056808;5.68E-08;6.61E-05;4.17E-06;0.011740651;2.46E-05;1.44E-05;0.000254867;3.27E-05;0.000104004;2.86E-05;5.61E-05;8.07E-05
848;0.00056916;5.69E-08;6.51E-05;4.25E-06;0.01169461;2.46E-05;1.44E-05;0.000253961;3.28E-05;0.000104237;2.87E-05;5.63E-05;7.99E-05
849;0.00057024;5.70E-08;6.43E-05;4.33E-06;0.011648804;2.46E-05;1.45E-05;0.000253058;3.29E-05;0.00010447;2.88E-05;5.64E-05;7.93E-05
850;0.00057132;5.71E-08;6.37E-05;4.38E-06;0.01160323;2.46E-05;1.45E-05;0.000252154;3.29E-05;0.000104683;2.89E-05;5.66E-05;7.89E-05
851;0.0005724;5.72E-08;6.33E-05;4.43E-06;0.011557888;2.46E-05;1.45E-05;0.000251255;3.30E-05;0.000104896;2.90E-05;5.67E-05;7.86E-05
852;0.00057348;5.73E-08;6.32E-05;4.48E-06;0.011512777;2.46E-05;1.46E-05;0.00025036;3.31E-05;0.000105109;2.90E-05;5.68E-05;7.85E-05
853;0.00057456;5.75E-08;6.31E-05;4.53E-06;0.011467894;2.46E-05;1.46E-05;0.000249469;3.31E-05;0.000105322;2.91E-05;5.69E-05;7.85E-05
854;0.00057564;5.76E-08;6.33E-05;4.58E-06;0.011423238;2.46E-05;1.46E-05;0.000248584;3.32E-05;0.000105534;2.92E-05;5.71E-05;7.87E-05
855;0.000577476;5.77E-08;6.39E-05;4.63E-06;0.011378808;2.46E-05;1.46E-05;0.000247702;3.33E-05;0.000105876;2.93E-05;5.73E-05;7.93E-05
856;0.000579312;5.79E-08;6.47E-05;4.70E-06;0.011334603;2.46E-05;1.47E-05;0.000246829;3.34E-05;0.000106227;2.94E-05;5.75E-05;8.01E-05
857;0.000581904;5.82E-08;6.56E-05;4.77E-06;0.01129062;2.46E-05;1.47E-05;0.00024596;3.35E-05;0.000106707;2.95E-05;5.77E-05;8.10E-05
858;0.000584496;5.84E-08;6.62E-05;4.83E-06;0.011246859;2.46E-05;1.47E-05;0.000245096;3.36E-05;0.000107186;2.97E-05;5.80E-05;8.16E-05
859;0.000587088;5.87E-08;6.66E-05;4.90E-06;0.011203319;2.46E-05;1.48E-05;0.000244236;3.37E-05;0.000107666;2.98E-05;5.83E-05;8.21E-05
860;0.00058968;5.90E-08;6.74E-05;4.94E-06;0.011159997;2.46E-05;1.48E-05;0.000243375;3.38E-05;0.000108131;2.99E-05;5.85E-05;8.28E-05
861;0.000592272;5.92E-08;6.80E-05;4.98E-06;0.011116893;2.46E-05;1.48E-05;0.000242519;3.39E-05;0.000108597;3.00E-05;5.88E-05;8.35E-05
862;0.000594864;5.95E-08;6.90E-05;5.02E-06;0.011074006;2.46E-05;1.48E-05;0.000241668;3.41E-05;0.000109062;3.01E-05;5.90E-05;8.44E-05
863;0.000597456;5.97E-08;7.05E-05;5.07E-06;0.011031333;2.46E-05;1.48E-05;0.000240821;3.42E-05;0.000109528;3.03E-05;5.92E-05;8.58E-05
864;0.000600048;6.00E-08;7.24E-05;5.11E-06;0.010988873;2.46E-05;1.48E-05;0.000239978;3.43E-05;0.000109993;3.04E-05;5.95E-05;8.76E-05
865;0.000601992;6.02E-08;7.51E-05;5.15E-06;0.010946626;2.46E-05;1.49E-05;0.000239139;3.44E-05;0.000110348;3.05E-05;5.97E-05;8.99E-05
866;0.000603936;6.04E-08;7.86E-05;5.19E-06;0.01090459;2.46E-05;1.49E-05;0.000238305;3.44E-05;0.000110704;3.06E-05;5.99E-05;9.30E-05
867;0.000605232;6.05E-08;8.22E-05;5.24E-06;0.010862764;2.46E-05;1.49E-05;0.000237474;3.45E-05;0.000110949;3.06E-05;6.00E-05;9.61E-05
868;0.000606528;6.07E-08;8.60E-05;5.28E-06;0.010821146;2.46E-05;1.49E-05;0.000236649;3.46E-05;0.000111195;3.07E-05;6.02E-05;9.94E-05
869;0.000607824;6.08E-08;8.99E-05;5.32E-06;0.010779735;2.46E-05;1.49E-05;0.000235827;3.46E-05;0.00011144;3.08E-05;6.03E-05;0.00010278
870;0.00060912;6.09E-08;9.38E-05;5.36E-06;0.01073853;2.46E-05;1.50E-05;0.000235009;3.47E-05;0.000111685;3.09E-05;6.04E-05;0.000106155
871;0.000610416;6.10E-08;9.79E-05;5.41E-06;0.010697529;2.46E-05;1.50E-05;0.000234196;3.48E-05;0.000111931;3.09E-05;6.06E-05;0.000109699
872;0.000611712;6.12E-08;0.0001022;5.46E-06;0.010656732;2.46E-05;1.50E-05;0.000233388;3.48E-05;0.000112181;3.10E-05;6.07E-05;0.000113414
873;0.000613008;6.13E-08;0.0001074;5.51E-06;0.010616137;2.46E-05;1.50E-05;0.000232584;3.49E-05;0.000112431;3.11E-05;6.09E-05;0.000117894
874;0.000614304;6.14E-08;0.0001133;5.56E-06;0.010575742;2.46E-05;1.51E-05;0.000231785;3.50E-05;0.000112682;3.12E-05;6.10E-05;0.000122969
875;0.000615708;6.16E-08;0.0001198;5.61E-06;0.010535548;2.46E-05;1.51E-05;0.000230989;3.50E-05;0.000112951;3.12E-05;6.12E-05;0.000128559
876;0.000617112;6.17E-08;0.0001264;5.66E-06;0.010495551;2.46E-05;1.51E-05;0.000230196;3.51E-05;0.000113216;3.13E-05;6.13E-05;0.000134233
877;0.000618624;6.19E-08;0.0001345;5.70E-06;0.010455752;2.46E-05;1.51E-05;0.000229408;3.52E-05;0.0001135;3.14E-05;6.15E-05;0.000141187
878;0.000620136;6.20E-08;0.000143;5.75E-06;0.010416149;2.46E-05;1.52E-05;0.000228623;3.53E-05;0.000113784;3.15E-05;6.16E-05;0.000148481
879;0.000621648;6.22E-08;0.0001527;5.79E-06;0.010376741;2.45E-05;1.52E-05;0.000227842;3.53E-05;0.000114068;3.16E-05;6.18E-05;0.000156795
880;0.00062316;6.23E-08;0.0001636;5.83E-06;0.010337527;2.45E-05;1.52E-05;0.000227063;3.54E-05;0.000114347;3.17E-05;6.20E-05;0.000166128
881;0.000624672;6.25E-08;0.0001752;5.87E-06;0.010298504;2.45E-05;1.52E-05;0.000226289;3.55E-05;0.000114625;3.17E-05;6.21E-05;0.000176056
882;0.000626184;6.26E-08;0.0001867;5.90E-06;0.010259674;2.45E-05;1.52E-05;0.000225517;3.55E-05;0.000114903;3.18E-05;6.23E-05;0.000185899
883;0.000627696;6.28E-08;0.0001992;5.94E-06;0.010221033;2.45E-05;1.52E-05;0.00022475;3.56E-05;0.000115182;3.19E-05;6.24E-05;0.000196591
884;0.000629208;6.29E-08;0.0002121;5.98E-06;0.010182581;2.45E-05;1.53E-05;0.000223987;3.57E-05;0.00011546;3.20E-05;6.26E-05;0.000207624
885;0.000630504;6.31E-08;0.0002262;6.01E-06;0.010144318;2.45E-05;1.53E-05;0.000223227;3.57E-05;0.000115702;3.20E-05;6.27E-05;0.000219668
886;0.0006318;6.32E-08;0.0002414;6.06E-06;0.010106241;2.45E-05;1.53E-05;0.000222475;3.58E-05;0.000115953;3.21E-05;6.29E-05;0.000232648
887;0.00063288;6.33E-08;0.0002581;6.12E-06;0.010068349;2.45E-05;1.53E-05;0.000221726;3.59E-05;0.000116168;3.22E-05;6.30E-05;0.000246895
888;0.00063396;6.34E-08;0.0002754;6.17E-06;0.010030643;2.45E-05;1.54E-05;0.000220981;3.59E-05;0.000116383;3.23E-05;6.31E-05;0.000261651
889;0.00063504;6.35E-08;0.0002932;6.22E-06;0.009993119;2.45E-05;1.54E-05;0.000220239;3.60E-05;0.000116598;3.23E-05;6.32E-05;0.000276832
890;0.00063612;6.36E-08;0.0003116;6.27E-06;0.009955778;2.45E-05;1.54E-05;0.0002195;3.60E-05;0.000116808;3.24E-05;6.34E-05;0.000292522
891;0.0006372;6.37E-08;0.0003305;6.31E-06;0.009918618;2.45E-05;1.54E-05;0.000218764;3.61E-05;0.000117017;3.25E-05;6.35E-05;0.000308638
892;0.00063828;6.38E-08;0.0003491;6.35E-06;0.009881639;2.45E-05;1.54E-05;0.000218032;3.62E-05;0.000117227;3.25E-05;6.36E-05;0.000324498
893;0.00063936;6.39E-08;0.0003674;6.40E-06;0.009844838;2.45E-05;1.55E-05;0.000217303;3.62E-05;0.000117436;3.26E-05;6.37E-05;0.000340103
894;0.00064044;6.40E-08;0.0003833;6.44E-06;0.009808215;2.45E-05;1.55E-05;0.000216578;3.63E-05;0.000117646;3.27E-05;6.39E-05;0.000353668
895;0.00064152;6.42E-08;0.0003983;6.49E-06;0.00977177;2.45E-05;1.55E-05;0.000215856;3.63E-05;0.000117856;3.27E-05;6.40E-05;0.000366469
896;0.0006426;6.43E-08;0.0004121;6.55E-06;0.0097355;2.45E-05;1.55E-05;0.000215142;3.64E-05;0.000118076;3.28E-05;6.41E-05;0.000378251
897;0.00064368;6.44E-08;0.0004256;6.61E-06;0.009699405;2.45E-05;1.56E-05;0.000214431;3.65E-05;0.000118296;3.29E-05;6.42E-05;0.000389778
898;0.00064476;6.45E-08;0.0004384;6.67E-06;0.009663484;2.45E-05;1.56E-05;0.000213723;3.65E-05;0.000118516;3.30E-05;6.44E-05;0.00040071
899;0.00064584;6.46E-08;0.0004506;6.73E-06;0.009627736;2.45E-05;1.56E-05;0.000213019;3.66E-05;0.000118736;3.30E-05;6.45E-05;0.000411132
900;0.00064692;6.47E-08;0.0004633;6.79E-06;0.009592159;2.45E-05;1.57E-05;0.000212319;3.67E-05;0.000118956;3.31E-05;6.46E-05;0.000421979
901;0.000648;6.48E-08;0.0004766;6.85E-06;0.009556753;2.45E-05;1.57E-05;0.000211621;3.67E-05;0.000119174;3.32E-05;6.48E-05;0.000433336
902;0.00064908;6.49E-08;0.0004915;6.91E-06;0.009521517;2.45E-05;1.57E-05;0.000210927;3.68E-05;0.000119393;3.33E-05;6.49E-05;0.000446052
903;0.00065016;6.50E-08;0.0005078;6.97E-06;0.00948645;2.45E-05;1.57E-05;0.000210236;3.69E-05;0.000119611;3.34E-05;6.50E-05;0.000459959
904;0.00065124;6.51E-08;0.0005267;7.03E-06;0.009451551;2.45E-05;1.58E-05;0.000209549;3.69E-05;0.00011983;3.34E-05;6.52E-05;0.000476076
905;0.000652104;6.52E-08;0.0005472;7.09E-06;0.009416818;2.45E-05;1.58E-05;0.000208864;3.70E-05;0.000120012;3.35E-05;6.53E-05;0.000493544
906;0.000652968;6.53E-08;0.0005721;7.15E-06;0.009382251;2.45E-05;1.58E-05;0.000208184;3.70E-05;0.000120194;3.36E-05;6.54E-05;0.000514751
907;0.000653616;6.54E-08;0.0005994;7.33E-06;0.009347849;2.45E-05;1.59E-05;0.000207531;3.72E-05;0.000120412;3.37E-05;6.56E-05;0.000538002
908;0.000654264;6.54E-08;0.0006316;7.51E-06;0.00931361;2.45E-05;1.60E-05;0.000206881;3.73E-05;0.000120631;3.39E-05;6.58E-05;0.000565418
909;0.000654912;6.55E-08;0.0006663;7.69E-06;0.009279535;2.45E-05;1.61E-05;0.000206235;3.74E-05;0.00012085;3.40E-05;6.60E-05;0.000594958
910;0.00065556;6.56E-08;0.0007046;7.87E-06;0.009245621;2.45E-05;1.62E-05;0.000205592;3.75E-05;0.000121068;3.42E-05;6.61E-05;0.000627559
911;0.000656208;6.56E-08;0.0007438;8.20E-06;0.009211869;2.45E-05;1.63E-05;0.000204982;3.77E-05;0.000121378;3.44E-05;6.64E-05;0.00066094
912;0.000656856;6.57E-08;0.0007837;8.54E-06;0.009178276;2.45E-05;1.65E-05;0.000204376;3.79E-05;0.000121688;3.47E-05;6.67E-05;0.000694916
913;0.000657504;6.58E-08;0.0008234;8.87E-06;0.009144843;2.45E-05;1.67E-05;0.000203773;3.81E-05;0.000121998;3.49E-05;6.70E-05;0.000728722
914;0.000658152;6.58E-08;0.0008621;9.21E-06;0.009111568;2.45E-05;1.68E-05;0.000203173;3.82E-05;0.000122309;3.52E-05;6.73E-05;0.000761677
915;0.000658692;6.59E-08;0.0008994;9.56E-06;0.00907845;2.45E-05;1.70E-05;0.000202581;3.84E-05;0.000122613;3.55E-05;6.76E-05;0.000793441
916;0.000659232;6.59E-08;0.0009354;9.92E-06;0.009045488;2.45E-05;1.72E-05;0.000201992;3.86E-05;0.000122918;3.57E-05;6.79E-05;0.000824099
917;0.000659664;6.60E-08;0.0009683;1.03E-05;0.009012682;2.45E-05;1.74E-05;0.000201406;3.88E-05;0.000123205;3.60E-05;6.82E-05;0.000852118
918;0.000660096;6.60E-08;0.001;1.06E-05;0.00898003;2.45E-05;1.76E-05;0.000200823;3.90E-05;0.000123491;3.62E-05;6.84E-05;0.000879117
919;0.000660528;6.61E-08;0.001032;1.10E-05;0.008947532;2.45E-05;1.77E-05;0.000200243;3.92E-05;0.000123778;3.65E-05;6.87E-05;0.000906371
920;0.00066096;6.61E-08;0.001065;1.13E-05;0.008915187;2.45E-05;1.79E-05;0.000199666;3.94E-05;0.000124064;3.68E-05;6.90E-05;0.000934475
921;0.000661392;6.61E-08;0.001099;1.20E-05;0.008882994;2.45E-05;1.82E-05;0.000199144;3.97E-05;0.000124505;3.72E-05;6.95E-05;0.000963455
922;0.000661824;6.62E-08;0.001133;1.26E-05;0.008850952;2.45E-05;1.85E-05;0.000198625;4.00E-05;0.000124947;3.77E-05;6.99E-05;0.000992434
923;0.000662256;6.62E-08;0.001167;1.32E-05;0.008819059;2.45E-05;1.88E-05;0.000198109;4.04E-05;0.000125388;3.81E-05;7.04E-05;0.001021414
924;0.000662688;6.63E-08;0.0012;1.38E-05;0.008787317;2.45E-05;1.91E-05;0.000197596;4.07E-05;0.000125829;3.85E-05;7.09E-05;0.001049544
925;0.00066258;6.63E-08;0.001231;1.44E-05;0.008755722;2.45E-05;1.94E-05;0.000197086;4.10E-05;0.000126179;3.90E-05;7.13E-05;0.001075951
926;0.000662472;6.62E-08;0.00126;1.54E-05;0.008724275;2.45E-05;2.00E-05;0.000196661;4.15E-05;0.000126775;3.97E-05;7.20E-05;0.001100699
927;0.000661824;6.62E-08;0.001282;1.65E-05;0.008692975;2.45E-05;2.05E-05;0.000196239;4.20E-05;0.00012728;4.04E-05;7.27E-05;0.001119474
928;0.000661176;6.61E-08;0.001299;1.75E-05;0.00866182;2.45E-05;2.10E-05;0.00019582;4.25E-05;0.000127784;4.11E-05;7.33E-05;0.001133998
929;0.000660528;6.61E-08;0.001307;1.85E-05;0.008630811;2.45E-05;2.15E-05;0.000195404;4.30E-05;0.000128289;4.18E-05;7.40E-05;0.001140873
930;0.00065988;6.60E-08;0.00131;1.94E-05;0.008599946;2.45E-05;2.19E-05;0.000194962;4.34E-05;0.000128707;4.24E-05;7.46E-05;0.001143484
931;0.000659232;6.59E-08;0.001299;2.03E-05;0.008569224;2.45E-05;2.24E-05;0.000194523;4.38E-05;0.000129125;4.30E-05;7.51E-05;0.001134195
932;0.000658584;6.59E-08;0.001283;2.11E-05;0.008538645;2.45E-05;2.28E-05;0.000194087;4.42E-05;0.000129544;4.36E-05;7.57E-05;0.001120655
933;0.000657936;6.58E-08;0.001253;2.20E-05;0.008508207;2.45E-05;2.32E-05;0.000193654;4.46E-05;0.000129962;4.42E-05;7.62E-05;0.001095216
934;0.000657288;6.57E-08;0.001218;2.29E-05;0.008477911;2.45E-05;2.37E-05;0.000193223;4.51E-05;0.00013038;4.47E-05;7.68E-05;0.001065526
935;0.000656856;6.57E-08;0.001175;2.38E-05;0.008447754;2.45E-05;2.41E-05;0.000192796;4.55E-05;0.000130836;4.53E-05;7.74E-05;0.001029046
936;0.000656424;6.56E-08;0.001126;2.48E-05;0.008417737;2.45E-05;2.46E-05;0.000192403;4.60E-05;0.000131387;4.61E-05;7.81E-05;0.000987482
937;0.000656208;6.56E-08;0.00107;2.59E-05;0.008387859;2.45E-05;2.52E-05;0.000192013;4.65E-05;0.000131976;4.68E-05;7.88E-05;0.000939977
938;0.000655992;6.56E-08;0.001008;2.69E-05;0.008358118;2.45E-05;2.57E-05;0.000191626;4.70E-05;0.000132565;4.75E-05;7.95E-05;0.000887372
939;0.000655776;6.56E-08;0.0009433;2.80E-05;0.008328514;2.45E-05;2.62E-05;0.000191242;4.75E-05;0.000133153;4.82E-05;8.02E-05;0.000832472
940;0.00065556;6.56E-08;0.0008754;2.90E-05;0.008299046;2.45E-05;2.67E-05;0.00019086;4.80E-05;0.000133742;4.90E-05;8.09E-05;0.000774852
941;0.000655344;6.55E-08;0.0008088;3.03E-05;0.008269714;2.45E-05;2.74E-05;0.000190524;4.87E-05;0.00013446;4.98E-05;8.18E-05;0.000718359
942;0.000655128;6.55E-08;0.0007446;3.15E-05;0.008240516;2.45E-05;2.80E-05;0.000190191;4.93E-05;0.000135177;5.07E-05;8.26E-05;0.000663905
943;0.000654912;6.55E-08;0.0006822;3.28E-05;0.008211453;2.45E-05;2.86E-05;0.000189861;4.99E-05;0.000135895;5.16E-05;8.35E-05;0.000610982
944;0.000654696;6.55E-08;0.000625;3.40E-05;0.008182522;2.45E-05;2.92E-05;0.000189533;5.05E-05;0.000136612;5.24E-05;8.44E-05;0.000562479
945;0.000654156;6.54E-08;0.0005704;3.47E-05;0.008153724;2.45E-05;2.96E-05;0.000189091;5.08E-05;0.000136925;5.29E-05;8.48E-05;0.000516113
946;0.000653616;6.54E-08;0.0005234;3.54E-05;0.008125058;2.45E-05;2.99E-05;0.000188652;5.12E-05;0.000137238;5.34E-05;8.52E-05;0.000476208
947;0.000652752;6.53E-08;0.0004802;3.61E-05;0.008096522;2.45E-05;3.03E-05;0.000188216;5.15E-05;0.000137496;5.38E-05;8.56E-05;0.000439518
948;0.000651888;6.52E-08;0.0004445;3.67E-05;0.008068117;2.45E-05;3.06E-05;0.000187782;5.18E-05;0.000137754;5.42E-05;8.60E-05;0.000409204
949;0.000651024;6.51E-08;0.0004109;3.74E-05;0.008039841;2.45E-05;3.09E-05;0.000187351;5.21E-05;0.000138012;5.47E-05;8.64E-05;0.000380675
950;0.00065016;6.50E-08;0.0003799;3.81E-05;0.008011694;2.45E-05;3.13E-05;0.000186923;5.24E-05;0.00013827;5.51E-05;8.68E-05;0.000354356
951;0.000649296;6.49E-08;0.0003519;3.88E-05;0.007983674;2.45E-05;3.16E-05;0.000186497;5.27E-05;0.000138528;5.56E-05;8.72E-05;0.000330586
952;0.000648432;6.48E-08;0.0003274;3.96E-05;0.007955782;2.44E-05;3.20E-05;0.000186099;5.31E-05;0.000138863;5.61E-05;8.77E-05;0.000309805
953;0.000647568;6.48E-08;0.0003046;4.04E-05;0.007928017;2.44E-05;3.24E-05;0.000185704;5.34E-05;0.000139199;5.66E-05;8.82E-05;0.000290469
954;0.000646704;6.47E-08;0.0002852;4.12E-05;0.007900378;2.44E-05;3.28E-05;0.000185311;5.38E-05;0.000139534;5.72E-05;8.87E-05;0.000274023
955;0.000645732;6.46E-08;0.0002666;4.20E-05;0.007872863;2.44E-05;3.32E-05;0.000184921;5.42E-05;0.000139851;5.77E-05;8.92E-05;0.000258252
956;0.00064476;6.45E-08;0.0002504;4.25E-05;0.007845473;2.44E-05;3.35E-05;0.000184474;5.44E-05;0.000139987;5.80E-05;8.94E-05;0.000244491
957;0.00064368;6.44E-08;0.0002358;4.30E-05;0.007818207;2.44E-05;3.37E-05;0.000184028;5.46E-05;0.000140105;5.83E-05;8.97E-05;0.000232085
958;0.0006426;6.43E-08;0.0002242;4.35E-05;0.007791064;2.44E-05;3.40E-05;0.000183585;5.48E-05;0.000140222;5.86E-05;8.99E-05;0.000222229
959;0.00064152;6.42E-08;0.0002133;4.40E-05;0.007764044;2.44E-05;3.42E-05;0.000183145;5.50E-05;0.00014034;5.90E-05;9.02E-05;0.000212968
960;0.00064044;6.40E-08;0.0002047;4.41E-05;0.007737145;2.44E-05;3.43E-05;0.000182637;5.51E-05;0.000140248;5.90E-05;9.02E-05;0.000205628
961;0.00063936;6.39E-08;0.0001975;4.43E-05;0.007710367;2.44E-05;3.44E-05;0.000182131;5.51E-05;0.000140156;5.91E-05;9.02E-05;0.000199477
962;0.00063828;6.38E-08;0.0001917;4.44E-05;0.00768371;2.44E-05;3.44E-05;0.000181628;5.52E-05;0.000140064;5.92E-05;9.03E-05;0.000194517
963;0.0006372;6.37E-08;0.000186;4.46E-05;0.007657172;2.44E-05;3.45E-05;0.000181128;5.52E-05;0.000139973;5.92E-05;9.03E-05;0.000189641
964;0.00063612;6.36E-08;0.0001808;4.48E-05;0.007630753;2.44E-05;3.46E-05;0.000180629;5.52E-05;0.000139881;5.93E-05;9.03E-05;0.000185191
965;0.000634824;6.35E-08;0.0001753;4.49E-05;0.007604453;2.44E-05;3.47E-05;0.000180134;5.53E-05;0.000139752;5.94E-05;9.03E-05;0.000180476
966;0.000633528;6.34E-08;0.0001693;4.51E-05;0.007578271;2.44E-05;3.47E-05;0.00017964;5.53E-05;0.000139624;5.94E-05;9.03E-05;0.000175336
967;0.000632016;6.32E-08;0.0001639;4.51E-05;0.007552205;2.44E-05;3.48E-05;0.00017913;5.53E-05;0.000139401;5.94E-05;9.02E-05;0.000170688
968;0.000630504;6.31E-08;0.0001589;4.52E-05;0.007526256;2.44E-05;3.48E-05;0.000178622;5.53E-05;0.000139179;5.94E-05;9.01E-05;0.000166379
969;0.000628992;6.29E-08;0.0001554;4.52E-05;0.007500423;2.44E-05;3.48E-05;0.000178116;5.52E-05;0.000138956;5.94E-05;9.00E-05;0.000163346
970;0.00062748;6.27E-08;0.0001528;4.53E-05;0.007474705;2.44E-05;3.49E-05;0.000177613;5.52E-05;0.000138733;5.94E-05;8.99E-05;0.000161077
971;0.000625968;6.26E-08;0.000151;4.53E-05;0.007449102;2.44E-05;3.49E-05;0.000177112;5.52E-05;0.000138511;5.94E-05;8.98E-05;0.000159489
972;0.000624456;6.24E-08;0.0001491;4.52E-05;0.007423612;2.44E-05;3.48E-05;0.000176577;5.51E-05;0.00013818;5.92E-05;8.96E-05;0.000157797
973;0.000622944;6.23E-08;0.0001463;4.51E-05;0.007398236;2.44E-05;3.48E-05;0.000176045;5.50E-05;0.000137849;5.91E-05;8.94E-05;0.00015534
974;0.000621432;6.21E-08;0.0001431;4.50E-05;0.007372972;2.44E-05;3.47E-05;0.000175514;5.49E-05;0.000137518;5.90E-05;8.92E-05;0.000152544
975;0.000619596;6.20E-08;0.0001413;4.49E-05;0.007347821;2.44E-05;3.46E-05;0.000174986;5.47E-05;0.000137131;5.88E-05;8.90E-05;0.000150923
976;0.00061776;6.18E-08;0.0001408;4.47E-05;0.007322781;2.44E-05;3.45E-05;0.000174445;5.46E-05;0.000136699;5.86E-05;8.87E-05;0.0001504
977;0.0006156;6.16E-08;0.0001414;4.45E-05;0.007297852;2.44E-05;3.44E-05;0.000173906;5.44E-05;0.000136212;5.84E-05;8.83E-05;0.000150799
978;0.00061344;6.13E-08;0.0001421;4.43E-05;0.007273033;2.44E-05;3.43E-05;0.000173369;5.42E-05;0.000135724;5.82E-05;8.80E-05;0.000151282
979;0.00061128;6.11E-08;0.0001423;4.41E-05;0.007248324;2.44E-05;3.42E-05;0.000172834;5.40E-05;0.000135237;5.80E-05;8.77E-05;0.00015134
980;0.00060912;6.09E-08;0.0001417;4.39E-05;0.007223723;2.44E-05;3.41E-05;0.000172302;5.39E-05;0.000134749;5.78E-05;8.74E-05;0.000150718
981;0.00060696;6.07E-08;0.0001407;4.35E-05;0.007199232;2.44E-05;3.40E-05;0.000171749;5.36E-05;0.000134195;5.75E-05;8.70E-05;0.000149745
982;0.0006048;6.05E-08;0.0001406;4.32E-05;0.007174848;2.44E-05;3.38E-05;0.000171199;5.34E-05;0.00013364;5.72E-05;8.66E-05;0.000149537
983;0.00060264;6.03E-08;0.000142;4.29E-05;0.007150571;2.44E-05;3.37E-05;0.000170651;5.32E-05;0.000133086;5.69E-05;8.62E-05;0.000150604
984;0.00060048;6.00E-08;0.0001441;4.26E-05;0.007126401;2.44E-05;3.35E-05;0.000170104;5.30E-05;0.000132531;5.66E-05;8.57E-05;0.000152266
985;0.000597888;5.98E-08;0.0001481;4.24E-05;0.007102337;2.44E-05;3.34E-05;0.000169584;5.28E-05;0.000131975;5.64E-05;8.54E-05;0.000155537
986;0.000595296;5.95E-08;0.0001524;4.22E-05;0.007078379;2.44E-05;3.33E-05;0.000169066;5.26E-05;0.000131419;5.61E-05;8.50E-05;0.000159062
987;0.000592272;5.92E-08;0.0001564;4.20E-05;0.007054526;2.44E-05;3.32E-05;0.000168551;5.24E-05;0.00013079;5.59E-05;8.46E-05;0.000162315
988;0.000589248;5.89E-08;0.0001607;4.18E-05;0.007030777;2.44E-05;3.31E-05;0.000168037;5.22E-05;0.00013016;5.57E-05;8.43E-05;0.000165822
989;0.000586224;5.86E-08;0.0001652;4.16E-05;0.007007132;2.44E-05;3.30E-05;0.000167525;5.20E-05;0.000129531;5.54E-05;8.39E-05;0.000169499
990;0.0005832;5.83E-08;0.0001716;4.15E-05;0.00698359;2.44E-05;3.29E-05;0.000167016;5.18E-05;0.000128901;5.52E-05;8.35E-05;0.000174791
991;0.000580176;5.80E-08;0.0001793;4.13E-05;0.006960151;2.44E-05;3.28E-05;0.000166508;5.16E-05;0.000128272;5.50E-05;8.31E-05;0.000181189
992;0.000577152;5.77E-08;0.0001891;4.08E-05;0.006936814;2.44E-05;3.26E-05;0.000165954;5.13E-05;0.000127498;5.46E-05;8.25E-05;0.000189347
993;0.000574128;5.74E-08;0.0001994;4.04E-05;0.006913579;2.44E-05;3.24E-05;0.000165403;5.10E-05;0.000126724;5.41E-05;8.20E-05;0.00019793
994;0.000571104;5.71E-08;0.0002087;4.00E-05;0.006890445;2.44E-05;3.22E-05;0.000164853;5.06E-05;0.000125951;5.37E-05;8.14E-05;0.000205663
995;0.00056808;5.68E-08;0.0002178;3.95E-05;0.006867412;2.44E-05;3.20E-05;0.000164306;5.03E-05;0.000125177;5.33E-05;8.08E-05;0.000213227
996;0.000565056;5.65E-08;0.0002272;3.92E-05;0.006844478;2.44E-05;3.18E-05;0.000163774;5.00E-05;0.000124443;5.30E-05;8.03E-05;0.000221051
997;0.000562032;5.62E-08;0.0002366;3.88E-05;0.006821644;2.44E-05;3.16E-05;0.000163244;4.97E-05;0.00012371;5.26E-05;7.98E-05;0.000228876
998;0.000559008;5.59E-08;0.0002464;3.84E-05;0.006798909;2.44E-05;3.14E-05;0.000162716;4.95E-05;0.000122976;5.23E-05;7.93E-05;0.000237041
999;0.000555984;5.56E-08;0.000256;3.81E-05;0.006776272;2.44E-05;3.12E-05;0.000162189;4.92E-05;0.000122243;5.19E-05;7.88E-05;0.000245036
1000;0.00055296;5.53E-08;0.0002654;3.77E-05;0.006753734;2.44E-05;3.11E-05;0.000161665;4.89E-05;0.000121509;5.15E-05;7.83E-05;0.000252861
1001;0.00054975;5.50E-08;0.0002751;3.72E-05;0.006731292;2.44E-05;3.08E-05;0.000161122;4.85E-05;0.000120682;5.11E-05;7.77E-05;0.000260923
1002;0.000546541;5.47E-08;0.000287;3.68E-05;0.006708948;2.44E-05;3.06E-05;0.000160581;4.82E-05;0.000119855;5.07E-05;7.71E-05;0.000270854
1003;0.000543331;5.43E-08;0.0002996;3.63E-05;0.0066867;2.44E-05;3.04E-05;0.000160042;4.79E-05;0.000119028;5.02E-05;7.65E-05;0.000281381
1004;0.000540122;5.40E-08;0.0003136;3.58E-05;0.006664548;2.44E-05;3.01E-05;0.000159505;4.75E-05;0.0001182;4.98E-05;7.59E-05;0.000293098
1005;0.000536912;5.37E-08;0.0003282;3.54E-05;0.006642491;2.44E-05;2.99E-05;0.00015897;4.72E-05;0.000117373;4.94E-05;7.53E-05;0.000305325
1006;0.000533702;5.34E-08;0.000343;3.49E-05;0.006620529;2.44E-05;2.97E-05;0.000158437;4.68E-05;0.000116546;4.89E-05;7.47E-05;0.000317721
1007;0.000530493;5.30E-08;0.0003579;3.44E-05;0.006598661;2.44E-05;2.94E-05;0.000157905;4.65E-05;0.000115719;4.85E-05;7.41E-05;0.000330203
1008;0.000527283;5.27E-08;0.0003735;3.39E-05;0.006576887;2.44E-05;2.92E-05;0.000157376;4.61E-05;0.000114892;4.80E-05;7.35E-05;0.00034328
1009;0.000524074;5.24E-08;0.0003894;3.35E-05;0.006555206;2.44E-05;2.89E-05;0.000156848;4.58E-05;0.000114064;4.76E-05;7.29E-05;0.000356611
1010;0.000520864;5.21E-08;0.0004057;3.31E-05;0.006533618;2.44E-05;2.88E-05;0.00015634;4.55E-05;0.000113292;4.72E-05;7.23E-05;0.000370292
1011;0.000517654;5.18E-08;0.0004222;3.27E-05;0.006512123;2.44E-05;2.86E-05;0.000155835;4.52E-05;0.00011252;4.69E-05;7.18E-05;0.000384143
1012;0.000514445;5.14E-08;0.0004388;3.23E-05;0.006490719;2.44E-05;2.84E-05;0.000155331;4.49E-05;0.000111748;4.65E-05;7.13E-05;0.000398079
1013;0.000511235;5.11E-08;0.0004554;3.20E-05;0.006469407;2.44E-05;2.82E-05;0.000154829;4.46E-05;0.000110976;4.61E-05;7.07E-05;0.000412015
1014;0.000508026;5.08E-08;0.0004722;3.16E-05;0.006448186;2.44E-05;2.80E-05;0.000154329;4.43E-05;0.000110204;4.57E-05;7.02E-05;0.00042612
1015;0.000504816;5.05E-08;0.0004877;3.12E-05;0.006427055;2.44E-05;2.78E-05;0.000153831;4.40E-05;0.000109432;4.54E-05;6.96E-05;0.000439121
1016;0.000501606;5.02E-08;0.0005024;3.08E-05;0.006406014;2.44E-05;2.76E-05;0.000153334;4.37E-05;0.000108659;4.50E-05;6.91E-05;0.000451442
1017;0.000498397;4.98E-08;0.0005152;3.05E-05;0.006385063;2.44E-05;2.74E-05;0.000152839;4.34E-05;0.000107887;4.46E-05;6.86E-05;0.000462148
1018;0.000495187;4.95E-08;0.0005279;3.01E-05;0.0063642;2.44E-05;2.72E-05;0.000152346;4.31E-05;0.000107115;4.42E-05;6.80E-05;0.000472769
1019;0.000491978;4.92E-08;0.0005386;2.97E-05;0.006343426;2.44E-05;2.71E-05;0.000151855;4.28E-05;0.000106343;4.39E-05;6.75E-05;0.00048169
1020;0.000488768;4.89E-08;0.0005481;2.93E-05;0.006322741;2.44E-05;2.69E-05;0.000151366;4.25E-05;0.000105571;4.35E-05;6.70E-05;0.000489591
1021;0.000485558;4.86E-08;0.0005561;2.89E-05;0.006302142;2.44E-05;2.67E-05;0.000150878;4.22E-05;0.000104799;4.31E-05;6.64E-05;0.000496216
1022;0.000482349;4.82E-08;0.0005631;2.84E-05;0.006281631;2.44E-05;2.64E-05;0.000150367;4.19E-05;0.000103951;4.27E-05;6.58E-05;0.00050198
1023;0.000479139;4.79E-08;0.0005683;2.79E-05;0.006261207;2.44E-05;2.62E-05;0.000149857;4.15E-05;0.000103103;4.22E-05;6.52E-05;0.000506213
1024;0.00047593;4.76E-08;0.0005734;2.74E-05;0.006240869;2.44E-05;2.59E-05;0.00014935;4.11E-05;0.000102255;4.17E-05;6.45E-05;0.000510361
1025;0.00047272;4.73E-08;0.000579;2.69E-05;0.006220617;2.44E-05;2.57E-05;0.000148844;4.08E-05;0.000101407;4.13E-05;6.39E-05;0.000514934
1026;0.00046951;4.70E-08;0.0005857;2.64E-05;0.00620045;2.44E-05;2.54E-05;0.000148339;4.04E-05;0.000100559;4.08E-05;6.33E-05;0.000520442
1027;0.000466301;4.66E-08;0.0005948;2.59E-05;0.006180368;2.44E-05;2.52E-05;0.000147837;4.00E-05;9.97E-05;4.03E-05;6.27E-05;0.000527991
1028;0.000463091;4.63E-08;0.000605;2.54E-05;0.006160371;2.44E-05;2.49E-05;0.000147336;3.97E-05;9.89E-05;3.99E-05;6.20E-05;0.000536474
1029;0.000459882;4.60E-08;0.0006164;2.49E-05;0.006140458;2.44E-05;2.47E-05;0.000146837;3.93E-05;9.80E-05;3.94E-05;6.14E-05;0.000545977
1030;0.000456672;4.57E-08;0.0006274;2.44E-05;0.006120628;2.44E-05;2.44E-05;0.000146339;3.90E-05;9.72E-05;3.90E-05;6.08E-05;0.00055514
1031;0.000453462;4.53E-08;0.0006389;2.40E-05;0.006100881;2.44E-05;2.42E-05;0.000145864;3.87E-05;9.64E-05;3.86E-05;6.02E-05;0.000564739
1032;0.000450253;4.50E-08;0.0006503;2.36E-05;0.006081218;2.44E-05;2.40E-05;0.000145391;3.83E-05;9.56E-05;3.82E-05;5.97E-05;0.000574253
1033;0.000447043;4.47E-08;0.000661;2.32E-05;0.006061636;2.44E-05;2.38E-05;0.000144919;3.80E-05;9.48E-05;3.78E-05;5.91E-05;0.000583171
1034;0.000443834;4.44E-08;0.0006717;2.28E-05;0.006042137;2.44E-05;2.36E-05;0.000144449;3.77E-05;9.40E-05;3.74E-05;5.86E-05;0.00059209
1035;0.000440624;4.41E-08;0.0006799;2.24E-05;0.006022719;2.44E-05;2.34E-05;0.000143981;3.74E-05;9.32E-05;3.70E-05;5.80E-05;0.000598884
1036;0.000437414;4.37E-08;0.0006871;2.20E-05;0.006003382;2.44E-05;2.32E-05;0.000143514;3.71E-05;9.25E-05;3.66E-05;5.75E-05;0.000604827
1037;0.000434205;4.34E-08;0.0006926;2.16E-05;0.005984125;2.44E-05;2.30E-05;0.000143049;3.68E-05;9.17E-05;3.62E-05;5.69E-05;0.000609326
1038;0.000430995;4.31E-08;0.000697;2.12E-05;0.005964949;2.44E-05;2.28E-05;0.000142585;3.65E-05;9.09E-05;3.59E-05;5.64E-05;0.000612889
1039;0.000427786;4.28E-08;0.0007004;2.08E-05;0.005945853;2.44E-05;2.26E-05;0.000142123;3.62E-05;9.01E-05;3.55E-05;5.58E-05;0.000615603
1040;0.000424576;4.25E-08;0.0007029;2.04E-05;0.005926836;2.44E-05;2.24E-05;0.000141663;3.59E-05;8.93E-05;3.51E-05;5.53E-05;0.000617552
1041;0.000421366;4.21E-08;0.0007018;2.01E-05;0.005907898;2.44E-05;2.22E-05;0.000141215;3.56E-05;8.86E-05;3.47E-05;5.48E-05;0.000616446
1042;0.000418157;4.18E-08;0.0006998;1.97E-05;0.005889039;2.44E-05;2.21E-05;0.000140769;3.53E-05;8.78E-05;3.44E-05;5.42E-05;0.000614575
1043;0.000414947;4.15E-08;0.0006967;1.94E-05;0.005870258;2.44E-05;2.19E-05;0.000140325;3.50E-05;8.71E-05;3.40E-05;5.37E-05;0.000611769
1044;0.000411738;4.12E-08;0.0006904;1.90E-05;0.005851555;2.44E-05;2.17E-05;0.000139882;3.48E-05;8.63E-05;3.37E-05;5.32E-05;0.000606244
1045;0.000408528;4.09E-08;0.000685;1.87E-05;0.005832929;2.44E-05;2.16E-05;0.00013944;3.45E-05;8.56E-05;3.33E-05;5.27E-05;0.000601483
1046;0.000405318;4.05E-08;0.0006792;1.84E-05;0.00581438;2.44E-05;2.14E-05;0.000139001;3.42E-05;8.48E-05;3.30E-05;5.22E-05;0.000596382
1047;0.000402109;4.02E-08;0.0006719;1.80E-05;0.005795908;2.44E-05;2.12E-05;0.000138562;3.39E-05;8.41E-05;3.26E-05;5.17E-05;0.000590006
1048;0.000398899;3.99E-08;0.0006662;1.77E-05;0.005777512;2.44E-05;2.10E-05;0.000138125;3.36E-05;8.33E-05;3.23E-05;5.12E-05;0.000584991
1049;0.00039569;3.96E-08;0.0006596;1.73E-05;0.005759192;2.44E-05;2.09E-05;0.00013769;3.33E-05;8.25E-05;3.19E-05;5.06E-05;0.00057921
1050;0.00039248;3.92E-08;0.0006504;1.70E-05;0.005740947;2.44E-05;2.07E-05;0.000137256;3.31E-05;8.18E-05;3.16E-05;5.01E-05;0.000571219
1051;0.00038927;3.89E-08;0.0006419;1.68E-05;0.005722778;2.44E-05;2.06E-05;0.000136858;3.29E-05;8.11E-05;3.13E-05;4.97E-05;0.00056384
1052;0.000386061;3.86E-08;0.0006348;1.66E-05;0.005704683;2.44E-05;2.05E-05;0.000136461;3.27E-05;8.05E-05;3.11E-05;4.93E-05;0.000557651
1053;0.000382851;3.83E-08;0.0006281;1.65E-05;0.005686663;2.44E-05;2.04E-05;0.000136066;3.25E-05;7.98E-05;3.09E-05;4.89E-05;0.000551802
1054;0.000379642;3.80E-08;0.0006212;1.63E-05;0.005668716;2.44E-05;2.03E-05;0.000135672;3.23E-05;7.92E-05;3.07E-05;4.86E-05;0.000545784
1055;0.000376432;3.76E-08;0.0006139;1.61E-05;0.005650843;2.44E-05;2.03E-05;0.000135279;3.21E-05;7.85E-05;3.04E-05;4.82E-05;0.000539425
1056;0.000373222;3.73E-08;0.0006045;1.59E-05;0.005633043;2.44E-05;2.02E-05;0.000134888;3.19E-05;7.79E-05;3.02E-05;4.78E-05;0.000531281
1057;0.000370013;3.70E-08;0.0005948;1.58E-05;0.005615316;2.44E-05;2.01E-05;0.000134499;3.17E-05;7.72E-05;3.00E-05;4.74E-05;0.000522882
1058;0.000366803;3.67E-08;0.0005867;1.56E-05;0.005597662;2.44E-05;2.00E-05;0.000134111;3.15E-05;7.66E-05;2.97E-05;4.70E-05;0.000515843
1059;0.000363594;3.64E-08;0.0005789;1.54E-05;0.00558008;2.44E-05;1.99E-05;0.000133724;3.13E-05;7.59E-05;2.95E-05;4.66E-05;0.000509059
1060;0.000360384;3.60E-08;0.0005705;1.54E-05;0.005562569;2.44E-05;1.99E-05;0.000133361;3.12E-05;7.54E-05;2.93E-05;4.63E-05;0.000501777
1061;0.000357174;3.57E-08;0.0005616;1.53E-05;0.00554513;2.44E-05;1.99E-05;0.000133;3.10E-05;7.48E-05;2.92E-05;4.59E-05;0.000494069
1062;0.000353965;3.54E-08;0.0005534;1.52E-05;0.005527761;2.44E-05;1.98E-05;0.000132641;3.09E-05;7.42E-05;2.90E-05;4.56E-05;0.000486957
1063;0.000350755;3.51E-08;0.0005445;1.52E-05;0.005510464;2.44E-05;1.98E-05;0.000132282;3.07E-05;7.36E-05;2.89E-05;4.53E-05;0.000479249
1064;0.000347546;3.48E-08;0.0005364;1.51E-05;0.005493237;2.44E-05;1.98E-05;0.000131925;3.06E-05;7.30E-05;2.87E-05;4.50E-05;0.000472222
1065;0.000344336;3.44E-08;0.0005303;1.50E-05;0.005476079;2.44E-05;1.97E-05;0.00013157;3.05E-05;7.24E-05;2.86E-05;4.47E-05;0.000466894
1066;0.000341126;3.41E-08;0.0005259;1.50E-05;0.005458992;2.44E-05;1.97E-05;0.000131216;3.03E-05;7.19E-05;2.84E-05;4.44E-05;0.000463012
1067;0.000337917;3.38E-08;0.0005224;1.49E-05;0.005441973;2.44E-05;1.97E-05;0.000130863;3.02E-05;7.13E-05;2.83E-05;4.41E-05;0.000459894
1068;0.000334707;3.35E-08;0.000518;1.49E-05;0.005425024;2.44E-05;1.96E-05;0.000130511;3.00E-05;7.07E-05;2.81E-05;4.37E-05;0.000456011
1069;0.000331498;3.31E-08;0.0005121;1.48E-05;0.005408143;2.44E-05;1.96E-05;0.000130161;2.99E-05;7.01E-05;2.80E-05;4.34E-05;0.000450854
1070;0.000328288;3.28E-08;0.0005065;1.49E-05;0.005391331;2.44E-05;1.96E-05;0.000129839;2.98E-05;6.96E-05;2.79E-05;4.32E-05;0.000445964
1071;0.000325078;3.25E-08;0.0005032;1.49E-05;0.005374586;2.44E-05;1.97E-05;0.000129517;2.97E-05;6.91E-05;2.79E-05;4.30E-05;0.00044303
1072;0.000321869;3.22E-08;0.0005025;1.50E-05;0.005357909;2.44E-05;1.97E-05;0.000129197;2.97E-05;6.86E-05;2.78E-05;4.27E-05;0.000442305
1073;0.000318659;3.19E-08;0.0005015;1.51E-05;0.005341299;2.44E-05;1.97E-05;0.000128878;2.96E-05;6.81E-05;2.77E-05;4.25E-05;0.000441325
1074;0.00031545;3.15E-08;0.0005005;1.51E-05;0.005324756;2.44E-05;1.98E-05;0.000128561;2.95E-05;6.76E-05;2.77E-05;4.23E-05;0.000440346
1075;0.00031224;3.12E-08;0.0004947;1.52E-05;0.005308279;2.44E-05;1.98E-05;0.000128245;2.94E-05;6.71E-05;2.76E-05;4.21E-05;0.000435286
1076;0.00030903;3.09E-08;0.0004878;1.53E-05;0.005291869;2.44E-05;1.98E-05;0.00012793;2.94E-05;6.66E-05;2.75E-05;4.18E-05;0.000429291
1077;0.000305821;3.06E-08;0.0004851;1.53E-05;0.005275524;2.44E-05;1.99E-05;0.000127617;2.93E-05;6.61E-05;2.75E-05;4.16E-05;0.000426867
1078;0.000302611;3.03E-08;0.0004841;1.54E-05;0.005259246;2.44E-05;1.99E-05;0.000127305;2.92E-05;6.56E-05;2.74E-05;4.14E-05;0.000425887
1079;0.000299402;2.99E-08;0.0004816;1.55E-05;0.005243032;2.44E-05;1.99E-05;0.000126994;2.91E-05;6.51E-05;2.74E-05;4.12E-05;0.000423633
1080;0.000296192;2.96E-08;0.0004811;1.57E-05;0.005226884;2.44E-05;2.00E-05;0.000126707;2.91E-05;6.46E-05;2.74E-05;4.10E-05;0.000423089
1081;0.000292982;2.93E-08;0.0004813;1.58E-05;0.0052108;2.44E-05;2.01E-05;0.000126422;2.91E-05;6.42E-05;2.74E-05;4.09E-05;0.000423141
1082;0.000289773;2.90E-08;0.0004798;1.60E-05;0.00519478;2.44E-05;2.02E-05;0.000126138;2.91E-05;6.38E-05;2.74E-05;4.07E-05;0.000421748
1083;0.000286563;2.87E-08;0.0004816;1.62E-05;0.005178824;2.44E-05;2.03E-05;0.000125855;2.91E-05;6.33E-05;2.74E-05;4.06E-05;0.00042316
1084;0.000283354;2.83E-08;0.0004804;1.64E-05;0.005162932;2.44E-05;2.04E-05;0.000125573;2.91E-05;6.29E-05;2.75E-05;4.04E-05;0.000422021
1085;0.000280144;2.80E-08;0.0004763;1.66E-05;0.005147104;2.44E-05;2.05E-05;0.000125293;2.90E-05;6.24E-05;2.75E-05;4.03E-05;0.000418418
1086;0.000276934;2.77E-08;0.0004755;1.68E-05;0.005131338;2.44E-05;2.06E-05;0.000125014;2.90E-05;6.20E-05;2.75E-05;4.01E-05;0.00041762
1087;0.000273725;2.74E-08;0.0004762;1.69E-05;0.005115635;2.44E-05;2.07E-05;0.000124736;2.90E-05;6.16E-05;2.75E-05;4.00E-05;0.000418097
1088;0.000270515;2.71E-08;0.0004771;1.71E-05;0.005099995;2.44E-05;2.08E-05;0.00012446;2.90E-05;6.11E-05;2.75E-05;3.99E-05;0.000418744
1089;0.000267306;2.67E-08;0.0004797;1.73E-05;0.005084416;2.44E-05;2.09E-05;0.000124185;2.90E-05;6.07E-05;2.75E-05;3.97E-05;0.000420835
1090;0.000264096;2.64E-08;0.0004801;1.75E-05;0.0050689;2.44E-05;2.10E-05;0.000123919;2.90E-05;6.03E-05;2.76E-05;3.96E-05;0.000421061
1091;0.000260886;2.61E-08;0.000478;1.77E-05;0.005053445;2.44E-05;2.11E-05;0.000123654;2.90E-05;5.99E-05;2.76E-05;3.95E-05;0.000419162
1092;0.000257677;2.58E-08;0.0004783;1.80E-05;0.005038051;2.44E-05;2.12E-05;0.000123391;2.90E-05;5.95E-05;2.77E-05;3.94E-05;0.000419303
1093;0.000254467;2.54E-08;0.0004783;1.82E-05;0.005022718;2.44E-05;2.13E-05;0.000123129;2.90E-05;5.91E-05;2.77E-05;3.92E-05;0.000419189
1094;0.000251258;2.51E-08;0.000479;1.84E-05;0.005007446;2.44E-05;2.14E-05;0.000122868;2.90E-05;5.86E-05;2.78E-05;3.91E-05;0.00041967
1095;0.000248048;2.48E-08;0.0004837;1.86E-05;0.004992234;2.44E-05;2.15E-05;0.000122609;2.90E-05;5.82E-05;2.78E-05;3.90E-05;0.000423551
1096;0.000244838;2.45E-08;0.0004876;1.89E-05;0.004977082;2.44E-05;2.16E-05;0.00012235;2.90E-05;5.78E-05;2.79E-05;3.89E-05;0.000426752
1097;0.000241629;2.42E-08;0.0004892;1.91E-05;0.00496199;2.44E-05;2.17E-05;0.000122093;2.90E-05;5.74E-05;2.79E-05;3.88E-05;0.000427998
1098;0.000238419;2.38E-08;0.0004911;1.93E-05;0.004946957;2.44E-05;2.19E-05;0.000121837;2.90E-05;5.70E-05;2.80E-05;3.87E-05;0.000429499
1099;0.00023521;2.35E-08;0.0004956;1.95E-05;0.004931984;2.44E-05;2.20E-05;0.000121582;2.90E-05;5.66E-05;2.80E-05;3.85E-05;0.00043321
1100;0.000232;2.32E-08;0.0005;1.99E-05;0.004917069;2.44E-05;2.21E-05;0.000121355;2.91E-05;5.63E-05;2.82E-05;3.85E-05;0.000436849
